raw_description,amount,currency,direction,transaction_type,merchant_name,mcc,label,source
FASTER PAYMENT TO SAVINGS 11MAY,2343.29,GBP,credit,FPS,,,Transfers,synthetic
DD SELF ASSESSMENT TAX,398.07,GBP,debit,DD,HM REVENUE & CUSTOMS,9211,Taxes,synthetic
GOOGLE PAY WAITROSE REF 76276072,71.69,GBP,debit,GOOGLE_PAY,WAITROSE,5300,Groceries,synthetic
DD SELF ASSESSMENT TAX,194.52,GBP,debit,DD,DVLA,9211,Taxes,synthetic
VISA NEXT REF 25631350,117.21,GBP,debit,CARD,NEXT,5310,Shopping,synthetic
TFR TO JOINT ACCOUNT REF 52719028,2560.50,GBP,credit,TFR,,,Transfers,synthetic
CARD PAYMENT CAFE LOCAL 90610,7.15,GBP,debit,CARD,CAFE LOCAL,5812,Coffee Shops,synthetic
BACS MACMILLAN 81236,86.63,GBP,debit,BACS,MACMILLAN,8398,Charity,synthetic
PAYPAL GOOGLE STORAGE REF 73398160,12.60,GBP,debit,PAYPAL,GOOGLE STORAGE,5734,Subscriptions,synthetic
CARD TRAVELODGE HEATHROW 61736,138.00,GBP,debit,CARD,TRAVELODGE,4411,Travel,synthetic
DIRECT DEBIT SSE,156.48,GBP,debit,DD,SSE,4900,Utilities,synthetic
POS WETHERSPOONS  20240115,79.57,GBP,debit,POS,WETHERSPOONS,5814,Dining,synthetic
CASH WITHDRAWAL LINK ATM MANCHESTER 90897 //,247.94,GBP,debit,ATM,LINK ATM,6011,Cash Withdrawal,synthetic
FASTER PAYMENT INNOTECH LTD PAYROLL REF 42653792,5860.31,GBP,credit,FPS,INNOTECH LTD,,Salary,synthetic
DD EDF ENERGY REF 28216197,269.53,GBP,debit,DD,EDF ENERGY,4899,Utilities,synthetic
STANDING ORDER VITALITY  11 SEP,390.62,GBP,debit,SO,VITALITY,6300,Insurance,synthetic
BACS SALARY NORTHWIND SERVICES,1401.90,GBP,credit,BACS,NORTHWIND SERVICES,,Salary,synthetic
ACCOUNT FEE BARCLAYS,39.60,GBP,debit,SO,BARCLAYS,6051,Fees,synthetic
POS ROYAL MAIL REF 19758685,129.65,GBP,debit,POS,ROYAL MAIL,5999,Other,synthetic
PAYPAL NETFLIX.COM  15 MAY,23.71,GBP,debit,PAYPAL,NETFLIX.COM,4899,Subscriptions,synthetic
CARD PAYMENT DENTAL LONDON 1364,94.52,GBP,debit,CARD,DENTAL,5912,Healthcare,synthetic
CARD PAYMENT HARVESTER 61060 15 JAN,46.04,GBP,debit,CARD,HARVESTER,5812,Dining,synthetic
CARD PAYMENT OXFAM  88944,51.78,GBP,debit,CARD,OXFAM,8398,Charity,synthetic
POS PRET  20546,9.15,GBP,debit,POS,PRET,5812,Coffee Shops,synthetic
STANDING ORDER SCOTTISH POWER REF 11023114,138.87,GBP,debit,SO,SCOTTISH POWER,4900,Utilities,synthetic
FPS DVLA VEHICLE TAX,387.36,GBP,debit,FPS,HMRC,9399,Taxes,synthetic
BACS THREE PAYMENT,223.87,GBP,debit,BACS,THREE,4812,Utilities,synthetic
APPLE PAY TRAINLINE LONDON 20987 //,52.09,GBP,debit,APPLE_PAY,TRAINLINE,4131,Transport,synthetic
POS VUE 97510,95.56,GBP,debit,POS,VUE,7999,Entertainment,synthetic
DD VITALITY REF 65833774,58.69,GBP,debit,DD,VITALITY,5960,Insurance,synthetic
CARD PAYMENT CINEWORLD 97073,111.40,GBP,debit,CARD,CINEWORLD,7832,Entertainment,synthetic
VISA ALDI 82902,49.59,GBP,debit,CARD,ALDI,5300,Groceries,synthetic
POS TRAINLINE 94171,44.08,GBP,debit,POS,TRAINLINE,4131,Transport,synthetic
BACS RED CROSS 55669 23JUL.,76.35,GBP,debit,BACS,RED CROSS,8398,Charity,synthetic
PAYPAL NETFLIX.COM  62778,32.03,GBP,debit,PAYPAL,NETFLIX.COM,4899,Subscriptions,synthetic
DD NHS LONDON 61686,30.29,GBP,debit,DD,NHS,8021,Healthcare,synthetic
BACS DRY CLEANERS 59134,17.58,GBP,debit,BACS,DRY CLEANERS,7299,Other,synthetic
CARD PAYMENT GOOGLE STORAGE  26/12/2024,6.88,GBP,debit,CARD,GOOGLE STORAGE,5734,Subscriptions,synthetic
APPLE PAY NETFLIX 63986 17/01/2026,11.26,GBP,debit,APPLE_PAY,NETFLIX,5734,Subscriptions,synthetic
CARD EUROSTAR,418.62,GBP,debit,CARD,EUROSTAR,4511,Travel,synthetic
FOREIGN TRANSACTION FEE,14.27,GBP,debit,DD,NATIONWIDE,6051,Fees,synthetic
PAYPAL TICKETMASTER,100.92,GBP,debit,PAYPAL,TICKETMASTER,7922,Entertainment,synthetic
BACS BUPA  48515,13.99,GBP,debit,BACS,BUPA,5912,Healthcare,synthetic
FASTER PAYMENT FROM CURRENT ACCOUNT REF 64596715,1712.80,GBP,credit,FPS,,,Transfers,synthetic
CARD TESCO PETROL REF 29940502,129.03,GBP,debit,CARD,TESCO PETROL,5172,Fuel,synthetic
DD NHS PRESCRIPTION REF 54111562 *,85.48,GBP,debit,DD,NHS PRESCRIPTION,8011,Healthcare,synthetic
CARD PAYMENT LIME MANCHESTER *,42.49,GBP,debit,CARD,LIME,4789,Transport,synthetic
BACS LV 88936 26 NOV,201.82,GBP,debit,BACS,LV,5960,Insurance,synthetic
CARD PAYMENT PRET A MANGER 19154 04 JUL,15.54,GBP,debit,CARD,PRET A MANGER,5814,Coffee Shops,synthetic
CARD WETHERSPOONS  84600,18.05,GBP,debit,CARD,WETHERSPOONS,5814,Dining,synthetic
POS ZIZZI REF 88911183,11.07,GBP,debit,POS,ZIZZI,5814,Dining,synthetic
GOOGLE PAY ICELAND LEEDS 75453,61.84,GBP,debit,GOOGLE_PAY,ICELAND,5499,Groceries,synthetic
CARD PAYMENT MARKS & SPENCER  21 AUG,24.57,GBP,debit,CARD,MARKS & SPENCER,5499,Groceries,synthetic
LINK ATM LINK ATM,267.87,GBP,debit,ATM,LINK ATM,6011,Cash Withdrawal,synthetic
APPLE PAY GETT,56.33,GBP,debit,APPLE_PAY,GETT,4121,Transport,synthetic
VISA EUROSTAR HEATHROW 23JUN,833.40,GBP,debit,CARD,EUROSTAR,4722,Travel,synthetic
PAYPAL NSPCC 94070,50.92,GBP,debit,PAYPAL,NSPCC,8398,Charity,synthetic
CARD PLAYSTATION NETWORK *,117.78,GBP,debit,CARD,PLAYSTATION NETWORK,7832,Entertainment,synthetic
CASH WITHDRAWAL FEE,3.57,GBP,debit,DD,HALIFAX,6051,Fees,synthetic
BACS JUSTGIVING 59143,27.07,GBP,debit,BACS,JUSTGIVING,8398,Charity,synthetic
PAYPAL DISNEY PLUS  42787,5.07,GBP,debit,PAYPAL,DISNEY PLUS,5734,Subscriptions,synthetic
LINK ATM LINK ATM REF 93228956,167.43,GBP,debit,ATM,LINK ATM,6010,Cash Withdrawal,synthetic
VISA ASDA MANCHESTER 20230427,62.54,GBP,debit,CARD,ASDA,5499,Groceries,synthetic
DD CHURCHILL 73493 20251225,212.76,GBP,debit,DD,CHURCHILL,6300,Insurance,synthetic
FASTER PAYMENT ACME LTD PAYROLL REF 62144567,3189.00,GBP,credit,FPS,ACME LTD,,Salary,synthetic
DD UCL 96167 20261110,312.52,GBP,debit,DD,UCL,8299,Education,synthetic
BACS LV= ,353.29,GBP,debit,BACS,LV=,5960,Insurance,synthetic
CARD OPTICIANS,88.26,GBP,debit,CARD,OPTICIANS,8049,Healthcare,synthetic
CARD SHELL 38575 27JAN,59.13,GBP,debit,CARD,SHELL,5541,Fuel,synthetic
CARD PAYMENT JOHN LEWIS 4801,23.05,GBP,debit,CARD,JOHN LEWIS,5310,Shopping,synthetic
POS AMZN 16278,248.33,GBP,debit,POS,AMZN,5399,Shopping,synthetic
CASH WITHDRAWAL LINK ATM 90988,251.05,GBP,debit,ATM,LINK ATM,6011,Cash Withdrawal,synthetic
FPS PRIME HIRE LTD PAYROLL,2999.64,GBP,credit,FPS,PRIME HIRE LTD,,Salary,synthetic
STRIPE PRIMARK 74012,150.80,GBP,debit,STRIPE,PRIMARK,5691,Shopping,synthetic
CARD PAYMENT NOWTV,19.20,GBP,debit,CARD,NOWTV,5734,Subscriptions,synthetic
VISA TICKETMASTER 56428,42.28,GBP,debit,CARD,TICKETMASTER,7922,Entertainment,synthetic
PAYPAL UDEMY ,44.33,GBP,debit,PAYPAL,UDEMY,8220,Education,synthetic
CARD PAYMENT PLAYSTATION NETWORK REF 60126880 //,110.60,GBP,debit,CARD,PLAYSTATION NETWORK,7922,Entertainment,synthetic
FASTER PAYMENT TO SAVINGS,2281.48,GBP,credit,FPS,,,Transfers,synthetic
MASTERCARD EASYJET,386.42,GBP,debit,CARD,EASYJET,4411,Travel,synthetic
APPLE PAY PREZZO REF 49529438,19.53,GBP,debit,APPLE_PAY,PREZZO,5814,Dining,synthetic
OVERDRAFT INTEREST CHARGE,18.45,GBP,debit,DD,BARCLAYS,6012,Fees,synthetic
TRANSFER TO ISA 03/11/2023,185.81,GBP,credit,TFR,,,Transfers,synthetic
VISA RYANAIR REF 51340090,781.76,GBP,debit,CARD,RYANAIR,4411,Travel,synthetic
ATM ATM *,133.02,GBP,debit,ATM,ATM,6011,Cash Withdrawal,synthetic
POS DRY CLEANERS 93669 14/08/2023,37.42,GBP,debit,POS,DRY CLEANERS,5999,Other,synthetic
CARD STEAM GAMES REF 13395111,65.24,GBP,debit,CARD,STEAM GAMES,7832,Entertainment,synthetic
CARD OPTICIANS LONDON 81331,124.22,GBP,debit,CARD,OPTICIANS,8021,Healthcare,synthetic
APPLE PAY FIRST BUS REF 66711868,79.27,GBP,debit,APPLE_PAY,FIRST BUS,4121,Transport,synthetic
DD CITY LIT 72378 *,95.19,GBP,debit,DD,CITY LIT,8220,Education,synthetic
APPLE PAY AMAZON PRIME,23.17,GBP,debit,APPLE_PAY,AMAZON PRIME,5734,Subscriptions,synthetic
PAYPAL MICROSOFT 365  720,29.68,GBP,debit,PAYPAL,MICROSOFT 365,5734,Subscriptions,synthetic
TRANSFER TO ISA,381.31,GBP,credit,TFR,,,Transfers,synthetic
FASTER PAYMENT MONTHLY SALARY ACME LIMITED 20230115,3344.82,GBP,credit,FPS,ACME LIMITED,,Salary,synthetic
DD SUPERDRUG MANCHESTER 20240108,44.97,GBP,debit,DD,SUPERDRUG,8021,Healthcare,synthetic
CARD PAYMENT DVLA VEHICLE TAX,327.81,GBP,debit,CARD,HM REVENUE & CUSTOMS,9399,Taxes,synthetic
OVERDRAFT INTEREST CHARGE,25.43,GBP,debit,DD,HSBC,6012,Fees,synthetic
CARD PAYMENT ROYAL MAIL 92055,143.97,GBP,debit,CARD,ROYAL MAIL,7299,Other,synthetic
CARD ADOBE REF 76332051.,9.73,GBP,debit,CARD,ADOBE,5968,Subscriptions,synthetic
BACS SEVERN TRENT REF 94402421,149.34,GBP,debit,BACS,SEVERN TRENT,4812,Utilities,synthetic
SO LEGAL & GENERAL ,177.36,GBP,debit,SO,LEGAL & GENERAL,5960,Insurance,synthetic
BACS GOV.UK LONDON //,188.53,GBP,debit,BACS,GOV.UK,5999,Other,synthetic
BACS DRY CLEANERS 73672,76.41,GBP,debit,BACS,DRY CLEANERS,5999,Other,synthetic
CARD PAYMENT HMRC PAYMENT,457.59,GBP,debit,CARD,COUNCIL TAX,9399,Taxes,synthetic
VISA BOOKING.COM GATWICK,861.13,GBP,debit,CARD,BOOKING.COM,4722,Travel,synthetic
DD GREENPEACE 11105,52.87,GBP,debit,DD,GREENPEACE,8398,Charity,synthetic
CARD PAYMENT SELF ASSESSMENT TAX,490.77,GBP,debit,CARD,DVLA,9211,Taxes,synthetic
FASTER PAYMENT BLUEFIN SOLUTIONS PAYROLL REF 37459975,4547.10,GBP,credit,FPS,BLUEFIN SOLUTIONS,,Salary,synthetic
TFR TO SAVINGS 19JAN,3196.85,GBP,credit,TFR,,,Transfers,synthetic
BACS GREENPEACE,36.80,GBP,debit,BACS,GREENPEACE,8398,Charity,synthetic
POS CINEWORLD  55858,53.57,GBP,debit,POS,CINEWORLD,7999,Entertainment,synthetic
FASTER PAYMENT SALARY INNOTECH LTD,5973.73,GBP,credit,FPS,INNOTECH LTD,,Salary,synthetic
BACS POST OFFICE LONDON 20055,59.85,GBP,debit,BACS,POST OFFICE,7299,Other,synthetic
DD EE REF 10412348,170.18,GBP,debit,DD,EE,4812,Utilities,synthetic
STANDING ORDER BT REF 80033053,56.06,GBP,debit,SO,BT,4899,Utilities,synthetic
MASTERCARD BRITISH AIRWAYS REF 49596283,585.58,GBP,debit,CARD,BRITISH AIRWAYS,4722,Travel,synthetic
APPLE PAY DISNEY PLUS 38027 21OCT,10.32,GBP,debit,APPLE_PAY,DISNEY PLUS,5734,Subscriptions,synthetic
BACS BOOTS PHARMACY LONDON,128.26,GBP,debit,BACS,BOOTS PHARMACY,5912,Healthcare,synthetic
CASH WITHDRAWAL FEE,6.11,GBP,debit,DD,HALIFAX,6051,Fees,synthetic
CARD PAYMENT BOOTS PHARMACY 43946,107.06,GBP,debit,CARD,BOOTS PHARMACY,8011,Healthcare,synthetic
CARD ODEON LONDON 55334.,85.54,GBP,debit,CARD,ODEON,7999,Entertainment,synthetic
CARD PAYMENT ROYAL MAIL LONDON 16784,35.54,GBP,debit,CARD,ROYAL MAIL,5999,Other,synthetic
CARD PAYMENT SELF ASSESSMENT TAX,338.85,GBP,debit,CARD,DVLA,9211,Taxes,synthetic
SO E.ON REF 75299603,185.42,GBP,debit,SO,E.ON,4814,Utilities,synthetic
SQ STARBUCKS 66677 18AUG,9.90,GBP,debit,SQUARE,STARBUCKS,5814,Coffee Shops,synthetic
POS POST OFFICE,159.63,GBP,debit,POS,POST OFFICE,5999,Other,synthetic
STRIPE CURRY'S REF 53571790,246.31,GBP,debit,STRIPE,CURRY'S,5311,Shopping,synthetic
TRANSFER TO ISA 20230718,1086.22,GBP,credit,TFR,,,Transfers,synthetic
CARD PAYMENT ROYAL MAIL 39185,194.92,GBP,debit,CARD,ROYAL MAIL,5999,Other,synthetic
CARD PAYMENT ASDA PETROL,123.09,GBP,debit,CARD,ASDA PETROL,5172,Fuel,synthetic
BACS NHS LONDON 71118 //,25.51,GBP,debit,BACS,NHS,5912,Healthcare,synthetic
POS TESCO PETROL REF 20082754,113.59,GBP,debit,POS,TESCO PETROL,5172,Fuel,synthetic
MASTERCARD ZIZZI REF 31337593,43.20,GBP,debit,CARD,ZIZZI,5812,Dining,synthetic
APPLE PAY PREZZO 82423,72.87,GBP,debit,APPLE_PAY,PREZZO,5814,Dining,synthetic
BACS NHS PRESCRIPTION  27 DEC,99.64,GBP,debit,BACS,NHS PRESCRIPTION,8021,Healthcare,synthetic
BACS GOV.UK ,13.14,GBP,debit,BACS,GOV.UK,7299,Other,synthetic
FPS HALCYON GROUP PAYROLL 20261017,3534.82,GBP,credit,FPS,HALCYON GROUP,,Salary,synthetic
VISA ODEON,83.21,GBP,debit,CARD,ODEON,7922,Entertainment,synthetic
OVERDRAFT INTEREST CHARGE,9.77,GBP,debit,SO,LLOYDS,6012,Fees,synthetic
FASTER PAYMENT ACME LTD PAYROLL 18 SEP,5419.67,GBP,credit,FPS,ACME LTD,,Salary,synthetic
VISA JET LONDON,125.57,GBP,debit,CARD,JET,5542,Fuel,synthetic
APPLE PAY PRET 96781,12.55,GBP,debit,APPLE_PAY,PRET,5814,Coffee Shops,synthetic
BACS MONTHLY SALARY PRIME HIRE LTD,3716.12,GBP,credit,BACS,PRIME HIRE LTD,,Salary,synthetic
BACS LANDLORD 2384 12AUG,829.58,GBP,debit,BACS,LANDLORD,6513,Rent/Mortgage,synthetic
GOOGLE PAY SAINSBURYS REF 28761086,98.44,GBP,debit,GOOGLE_PAY,SAINSBURYS,5499,Groceries,synthetic
BACS DIRECT LINE ,345.72,GBP,debit,BACS,DIRECT LINE,5960,Insurance,synthetic
PAYPAL OPEN UNIVERSITY NEWCASTLE 20JUN,428.15,GBP,debit,PAYPAL,OPEN UNIVERSITY,8220,Education,synthetic
SQ NERO LONDON,10.96,GBP,debit,SQUARE,NERO,5812,Coffee Shops,synthetic
CASH WITHDRAWAL FEE,9.49,GBP,debit,SO,BARCLAYS,6012,Fees,synthetic
APPLE PAY APPLE.COM/BILL  54949,27.07,GBP,debit,APPLE_PAY,APPLE.COM/BILL,4899,Subscriptions,synthetic
VISA NERO LONDON 10615,4.15,GBP,debit,CARD,NERO,5814,Coffee Shops,synthetic
FPS TO SAVINGS 26APR REF 53514076,4507.19,GBP,credit,FPS,,,Transfers,synthetic
PAYPAL APPLE MUSIC 67869 25 MAY,17.85,GBP,debit,PAYPAL,APPLE MUSIC,5968,Subscriptions,synthetic
CARD PAYMENT TEXACO 87146 20230717,63.46,GBP,debit,CARD,TEXACO,5172,Fuel,sandbox
CARD PAYMENT GOOGLE STORAGE 65164 17MAY,12.45,GBP,debit,CARD,GOOGLE STORAGE,5968,Subscriptions,synthetic
DD NHS PRESCRIPTION,112.55,GBP,debit,DD,NHS PRESCRIPTION,8011,Healthcare,synthetic
CASH WITHDRAWAL CASH MACHINE REF 29548675,313.43,GBP,debit,ATM,CASH MACHINE,6010,Cash Withdrawal,synthetic
DD CHURCHILL  08 JAN,298.94,GBP,debit,DD,CHURCHILL,6300,Insurance,synthetic
STRIPE CURRYS  20260322,68.62,GBP,debit,STRIPE,CURRYS,5310,Shopping,synthetic
CARD PAYMENT NSPCC 16343,69.96,GBP,debit,CARD,NSPCC,8398,Charity,synthetic
CARD AMAZON PRIME,13.67,GBP,debit,CARD,AMAZON PRIME,5734,Subscriptions,synthetic
DIRECT DEBIT MORTGAGE PAYMENT,1104.79,GBP,debit,DD,MORTGAGE PAYMENT,9399,Rent/Mortgage,synthetic
POS ASDA,95.18,GBP,debit,POS,ASDA,5499,Groceries,synthetic
CARD PAYMENT WAITROSE,118.27,GBP,debit,CARD,WAITROSE,5499,Groceries,synthetic
POS CURRYS MANCHESTER,136.00,GBP,debit,POS,CURRYS,5311,Shopping,synthetic
FOREIGN TRANSACTION FEE,32.52,GBP,debit,DD,,6012,Fees,synthetic
POS JOHN LEWIS REF 12082019,41.36,GBP,debit,POS,JOHN LEWIS,5310,Shopping,synthetic
VISA WAGAMAMA 38384 02/05/2024.,52.45,GBP,debit,CARD,WAGAMAMA,5814,Dining,synthetic
LINK ATM ATM  19603,401.67,GBP,debit,ATM,ATM,6010,Cash Withdrawal,synthetic
CARD AMAZON LONDON 23FEB,225.85,GBP,debit,CARD,AMAZON,5310,Shopping,synthetic
CARD MARKS & SPENCER,7.95,GBP,debit,CARD,MARKS & SPENCER,5300,Groceries,synthetic
POS BUPA,7.44,GBP,debit,POS,BUPA,8049,Healthcare,synthetic
VISA EXPEDIA 75028,348.94,GBP,debit,CARD,EXPEDIA,4722,Travel,synthetic
CARD PAYMENT POST OFFICE  28118,137.40,GBP,debit,CARD,POST OFFICE,7299,Other,synthetic
CARD ADOBE REF 81386830,14.38,GBP,debit,CARD,ADOBE,4899,Subscriptions,synthetic
CARD BOLT LONDON 35160,16.20,GBP,debit,CARD,BOLT,4111,Transport,synthetic
MASTERCARD MORRISONS PETROL 50421 26 JAN,21.35,GBP,debit,CARD,MORRISONS PETROL,5541,Fuel,synthetic
MASTERCARD NANDO'S MANCHESTER,38.71,GBP,debit,CARD,NANDO'S,5814,Dining,synthetic
BACS JUSTGIVING 16287 05FEB,35.24,GBP,debit,BACS,JUSTGIVING,8398,Charity,synthetic
VISA ETSY LONDON 27DEC,216.47,GBP,debit,CARD,ETSY,5311,Shopping,synthetic
BACS BLUEFIN SOLUTIONS PAYROLL 17/11/2026,3164.05,GBP,credit,BACS,BLUEFIN SOLUTIONS,,Salary,synthetic
DD KINGS COLLEGE LONDON,408.76,GBP,debit,DD,KINGS COLLEGE LONDON,8299,Education,synthetic
ATM CASH MACHINE REF 59119307,457.06,GBP,debit,ATM,CASH MACHINE,6011,Cash Withdrawal,synthetic
FASTER PAYMENT BLUEFIN SOLUTIONS PAYROLL REF 26148236,5321.99,GBP,credit,FPS,BLUEFIN SOLUTIONS,,Salary,synthetic
APPLE PAY GETT 55396 16JAN,49.43,GBP,debit,APPLE_PAY,GETT,4131,Transport,synthetic
BACS MONTHLY SALARY BLUEFIN SOLUTIONS,2577.00,GBP,credit,BACS,BLUEFIN SOLUTIONS,,Salary,synthetic
CARD TESCO PETROL LONDON 18OCT,21.04,GBP,debit,CARD,TESCO PETROL,5542,Fuel,synthetic
PAYPAL COURSERA NEWCASTLE 42477,240.80,GBP,debit,PAYPAL,COURSERA,8220,Education,synthetic
POS PASSPORT OFFICE 53675,176.07,GBP,debit,POS,PASSPORT OFFICE,7299,Other,synthetic
BACS SELF ASSESSMENT TAX,275.00,GBP,debit,BACS,COUNCIL TAX,9399,Taxes,synthetic
APPLE PAY CAFE LOCAL LONDON 58698.,14.52,GBP,debit,APPLE_PAY,CAFE LOCAL,5812,Coffee Shops,sandbox
BACS BT GROUP,45.88,GBP,debit,BACS,BT GROUP,4814,Utilities,synthetic
DD UNITED UTILITIES,27.12,GBP,debit,DD,UNITED UTILITIES,4899,Utilities,synthetic
MASTERCARD MORRISONS PETROL BIRMINGHAM,129.11,GBP,debit,CARD,MORRISONS PETROL,5541,Fuel,synthetic
APPLE PAY BURGER KING LONDON 06 MAR //,30.63,GBP,debit,APPLE_PAY,BURGER KING,5814,Dining,synthetic
LINK ATM CASH MACHINE LONDON 07/01/2025,356.78,GBP,debit,ATM,CASH MACHINE,6010,Cash Withdrawal,synthetic
CARD NERO ,3.79,GBP,debit,CARD,NERO,5814,Coffee Shops,synthetic
POS BUPA,87.20,GBP,debit,POS,BUPA,8021,Healthcare,sandbox
DD KINGS COLLEGE LONDON LONDON 11 DEC,405.88,GBP,debit,DD,KINGS COLLEGE LONDON,8299,Education,synthetic
POS TICKETMASTER REF 92170846,113.66,GBP,debit,POS,TICKETMASTER,7999,Entertainment,synthetic
VISA NETFLIX REF 64351228,11.95,GBP,debit,CARD,NETFLIX,4899,Subscriptions,synthetic
CARD PAYMENT JL,65.12,GBP,debit,CARD,JL,5310,Shopping,synthetic
BACS HAIRDRESSERS 88892,11.25,GBP,debit,BACS,HAIRDRESSERS,5999,Other,synthetic
PAYPAL XBOX,40.60,GBP,debit,PAYPAL,XBOX,7832,Entertainment,sandbox
PAYPAL DROPBOX REF 56364889,16.50,GBP,debit,PAYPAL,DROPBOX,4899,Subscriptions,synthetic
DIRECT DEBIT VODAFONE PAYMENT,163.78,GBP,debit,DD,VODAFONE,4812,Utilities,synthetic
BACS GOV.UK REF 87675137,153.01,GBP,debit,BACS,GOV.UK,5999,Other,synthetic
POS DRY CLEANERS ,148.79,GBP,debit,POS,DRY CLEANERS,7299,Other,synthetic
CARD PAYMENT STEAM GAMES  10 MAR,135.48,GBP,debit,CARD,STEAM GAMES,7832,Entertainment,synthetic
STANDING ORDER RENT 20240820 //,917.63,GBP,debit,SO,RENT,9399,Rent/Mortgage,synthetic
GOOGLE PAY COOP 31129,15.65,GBP,debit,GOOGLE_PAY,COOP,5300,Groceries,synthetic
PAYPAL ADOBE //,30.68,GBP,debit,PAYPAL,ADOBE,5734,Subscriptions,synthetic
SQ TIM HORTONS REF 63255602,3.05,GBP,debit,SQUARE,TIM HORTONS,5812,Coffee Shops,synthetic
POS MORRISONS PETROL 83377 19AUG,75.38,GBP,debit,POS,MORRISONS PETROL,5541,Fuel,synthetic
CARD BHF 56910 18SEP,56.84,GBP,debit,CARD,BHF,8398,Charity,synthetic
STRIPE ARGOS REF 39009455,111.42,GBP,debit,STRIPE,ARGOS,5311,Shopping,synthetic
CARD PIZZA HUT CARDIFF 55378,22.86,GBP,debit,CARD,PIZZA HUT,5814,Dining,synthetic
ATM ATM 288 13 FEB,346.03,GBP,debit,ATM,ATM,6011,Cash Withdrawal,synthetic
DD THREE PAYMENT,70.89,GBP,debit,DD,THREE,4899,Utilities,synthetic
BACS JANE DOE 12-34-56 87654321 RENT AUGUST,2409.05,GBP,debit,BACS,BARCLAYS MORTGAGE,6513,Rent/Mortgage,synthetic
CARD PAYMENT TRANSPORT FOR LONDON 92860,19.86,GBP,debit,CARD,TRANSPORT FOR LONDON,4121,Transport,synthetic
GOOGLE PAY WAITROSE LONDON 16NOV,37.43,GBP,debit,GOOGLE_PAY,WAITROSE,5411,Groceries,synthetic
BACS HASTINGS 26930,120.75,GBP,debit,BACS,HASTINGS,6300,Insurance,synthetic
CARD CAFE LOCAL 65474 20250628,12.23,GBP,debit,CARD,CAFE LOCAL,5814,Coffee Shops,synthetic
CARD PAYMENT SANTANDER CYCLES REF 45026810,2.65,GBP,debit,CARD,SANTANDER CYCLES,4121,Transport,synthetic
BACS SALARY HALCYON GROUP,2445.81,GBP,credit,BACS,HALCYON GROUP,,Salary,synthetic
SQ CAFFE NERO.,10.81,GBP,debit,SQUARE,CAFFE NERO,5814,Coffee Shops,synthetic
CARD PAYMENT NOW TV REF 67813680,4.44,GBP,debit,CARD,NOW TV,4899,Subscriptions,synthetic
PAYPAL GOOGLE STORAGE ,29.43,GBP,debit,PAYPAL,GOOGLE STORAGE,4899,Subscriptions,synthetic
BACS COURSERA *,69.79,GBP,debit,BACS,COURSERA,8220,Education,synthetic
POS PLAYSTATION NETWORK 25643 20230424,12.30,GBP,debit,POS,PLAYSTATION NETWORK,7922,Entertainment,synthetic
CARD POST OFFICE ,97.59,GBP,debit,CARD,POST OFFICE,7299,Other,synthetic
PAYPAL UCL 10/10/2026 //,68.72,GBP,debit,PAYPAL,UCL,8220,Education,synthetic
PAYPAL SPOTIFY 37519,19.96,GBP,debit,PAYPAL,SPOTIFY,5968,Subscriptions,synthetic
BACS INCOME TAX PAYMENT,144.55,GBP,debit,BACS,HM REVENUE & CUSTOMS,9211,Taxes,synthetic
SO E.ON PAYMENT,293.57,GBP,debit,SO,E.ON,4899,Utilities,synthetic
PAYPAL AIRBNB GATWICK,156.50,GBP,debit,PAYPAL,AIRBNB,4411,Travel,synthetic
ATM LINK ATM 88804 18OCT,390.21,GBP,debit,ATM,LINK ATM,6010,Cash Withdrawal,sandbox
PAYPAL CITY LIT REF 39055218,178.18,GBP,debit,PAYPAL,CITY LIT,8220,Education,synthetic
DD VISION EXPRESS MANCHESTER 14JAN,45.42,GBP,debit,DD,VISION EXPRESS,8049,Healthcare,synthetic
POS TIM HORTONS OXFORD 61598 *,8.06,GBP,debit,POS,TIM HORTONS,5814,Coffee Shops,synthetic
CARD PAYMENT EXPEDIA,195.98,GBP,debit,CARD,EXPEDIA,4411,Travel,synthetic
CARD BUPA 7672 24/08/2026,39.22,GBP,debit,CARD,BUPA,5912,Healthcare,sandbox
PAYPAL NEWCASTLE COLLEGE REF 89690342 //,349.29,GBP,debit,PAYPAL,NEWCASTLE COLLEGE,8220,Education,synthetic
CARD JET LONDON 02 AUG,64.98,GBP,debit,CARD,JET,5542,Fuel,synthetic
CARD AIRBNB,30.50,GBP,debit,CARD,AIRBNB,4511,Travel,synthetic
LATE PAYMENT FEE,7.85,GBP,debit,DD,HSBC,6012,Fees,synthetic
CARD PAYMENT SAINSBURY'S 32198 20231014,26.26,GBP,debit,CARD,SAINSBURY'S,5300,Groceries,synthetic
CARD PAYMENT PREZZO 19616 12JUL,32.60,GBP,debit,CARD,PREZZO,5812,Dining,synthetic
BACS OPTICIANS 47146,32.89,GBP,debit,BACS,OPTICIANS,8011,Healthcare,synthetic
PAYPAL JL MANCHESTER,87.96,GBP,debit,PAYPAL,JL,5310,Shopping,synthetic
BACS RED CROSS REF 26669270,39.39,GBP,debit,BACS,RED CROSS,8398,Charity,synthetic
POS PRET 90502 12 MAR,13.45,GBP,debit,POS,PRET,5812,Coffee Shops,synthetic
DIRECT DEBIT MONTHLY RENT 85028 26MAR,1615.05,GBP,debit,DD,MONTHLY RENT,9399,Rent/Mortgage,sandbox
CARD PAYMENT AGE UK LONDON.,2.65,GBP,debit,CARD,AGE UK,8398,Charity,synthetic
DD DVLA VEHICLE TAX,326.32,GBP,debit,DD,HM REVENUE & CUSTOMS,9399,Taxes,synthetic
CARD TIM HORTONS 81763,3.22,GBP,debit,CARD,TIM HORTONS,5812,Coffee Shops,synthetic
CASH WITHDRAWAL FEE,49.19,GBP,debit,DD,HALIFAX,6051,Fees,synthetic
CARD WETHERSPOONS MANCHESTER 5613,19.26,GBP,debit,CARD,WETHERSPOONS,5814,Dining,synthetic
MONTHLY ACCOUNT FEE,15.59,GBP,debit,DD,HALIFAX,6051,Fees,synthetic
CARD PAYMENT TICKETMASTER MANCHESTER 03/06/2026,79.24,GBP,debit,CARD,TICKETMASTER,7922,Entertainment,synthetic
MASTERCARD RYANAIR ,576.46,GBP,debit,CARD,RYANAIR,4722,Travel,synthetic
CARD PAYMENT STARBUCKS ,5.29,GBP,debit,CARD,STARBUCKS,5812,Coffee Shops,synthetic
POS SPORTS DIRECT //,139.00,GBP,debit,POS,SPORTS DIRECT,5310,Shopping,synthetic
SO AXA 27363,89.04,GBP,debit,SO,AXA,5960,Insurance,synthetic
FASTER PAYMENT FROM CURRENT ACCOUNT REF 93483529,3532.35,GBP,credit,FPS,,,Transfers,synthetic
STANDING ORDER LEGAL & GENERAL,129.81,GBP,debit,SO,LEGAL & GENERAL,6300,Insurance,synthetic
CARD PAYMENT APPLE.COM/BILL.,24.56,GBP,debit,CARD,APPLE.COM/BILL,5968,Subscriptions,synthetic
CASH WITHDRAWAL FEE,31.99,GBP,debit,DD,HALIFAX,6051,Fees,synthetic
CASH WITHDRAWAL ATM,488.70,GBP,debit,ATM,ATM,6010,Cash Withdrawal,synthetic
BACS INCOME TAX PAYMENT,58.62,GBP,debit,BACS,COUNCIL TAX,9211,Taxes,synthetic
LINK ATM LINK ATM MANCHESTER,87.07,GBP,debit,ATM,LINK ATM,6010,Cash Withdrawal,synthetic
TRANSFER TO ISA,1274.35,GBP,credit,TFR,,,Transfers,synthetic
PAYPAL NOW TV REF 10653759,31.64,GBP,debit,PAYPAL,NOW TV,5968,Subscriptions,synthetic
TRANSFER TO ISA 14AUG REF 63401001,1846.39,GBP,credit,TFR,,,Transfers,synthetic
PACKAGED ACCOUNT FEE,49.17,GBP,debit,DD,HALIFAX,6012,Fees,synthetic
BACS VIRGIN MEDIA,63.17,GBP,debit,BACS,VIRGIN MEDIA,4812,Utilities,synthetic
CARD PAYMENT HM REVENUE & CUSTOMS,70.86,GBP,debit,CARD,COUNCIL TAX,9211,Taxes,synthetic
DD AVIVA 73665 25 JUL,370.88,GBP,debit,DD,AVIVA,5960,Insurance,synthetic
PAYPAL NOWTV ,29.50,GBP,debit,PAYPAL,NOWTV,4899,Subscriptions,synthetic
POS ODEON,118.04,GBP,debit,POS,ODEON,7922,Entertainment,synthetic
DIRECT DEBIT LEGAL & GENERAL,222.12,GBP,debit,DD,LEGAL & GENERAL,5960,Insurance,synthetic
CARD BURGER KING LONDON 06/07/2024,57.80,GBP,debit,CARD,BURGER KING,5812,Dining,synthetic
BACS NORTHWIND SERVICES SALARY,4902.98,GBP,credit,BACS,NORTHWIND SERVICES,,Salary,synthetic
PAYPAL UNIVERSITY NEWCASTLE 05AUG,470.83,GBP,debit,PAYPAL,UNIVERSITY,8220,Education,synthetic
APPLE PAY WAGAMAMA LONDON 20240201,21.69,GBP,debit,APPLE_PAY,WAGAMAMA,5814,Dining,synthetic
VISA SHELL 25027 27/12/2023,94.20,GBP,debit,CARD,SHELL,5541,Fuel,sandbox
CARD PAYMENT NEWCASTLE COLLEGE  9353,242.13,GBP,debit,CARD,NEWCASTLE COLLEGE,8220,Education,synthetic
FPS LANDLORD 4305 *,1799.73,GBP,debit,FPS,LANDLORD,9399,Rent/Mortgage,synthetic
SO AXA 14890,374.59,GBP,debit,SO,AXA,6300,Insurance,synthetic
FPS HALIFAX MORTGAGE REF 22276469,877.57,GBP,debit,FPS,HALIFAX MORTGAGE,9399,Rent/Mortgage,synthetic
CASH WITHDRAWAL FEE,35.51,GBP,debit,DD,,6051,Fees,synthetic
CARD PAYMENT NETFLIX 46475 28/08/2023,27.89,GBP,debit,CARD,NETFLIX,5734,Subscriptions,synthetic
CARD PAYMENT XBOX 47377 21AUG,131.99,GBP,debit,CARD,XBOX,7832,Entertainment,synthetic
BACS MORE THAN REF 26865926,332.72,GBP,debit,BACS,MORE THAN,6300,Insurance,synthetic
MASTERCARD TEXACO 74581 26APR,109.39,GBP,debit,CARD,TEXACO,5541,Fuel,synthetic
APPLE PAY TESCO BRISTOL 20240806,35.56,GBP,debit,APPLE_PAY,TESCO,5499,Groceries,sandbox
PAYPAL BRITISH HEART FOUNDATION 57836,32.99,GBP,debit,PAYPAL,BRITISH HEART FOUNDATION,8398,Charity,synthetic
PAYPAL BETFRED 28416,53.22,GBP,debit,PAYPAL,BETFRED,7999,Entertainment,synthetic
CARD PAYMENT ASDA PETROL REF 55497164,47.24,GBP,debit,CARD,ASDA PETROL,5172,Fuel,synthetic
BACS RED CROSS 77119 24APR,46.17,GBP,debit,BACS,RED CROSS,8398,Charity,synthetic
CARD PAYMENT NOW TV REF 38614869,4.20,GBP,debit,CARD,NOW TV,5734,Subscriptions,synthetic
BACS SEVERN TRENT,278.80,GBP,debit,BACS,SEVERN TRENT,4814,Utilities,synthetic
BACS WWF 58078 18 AUG,40.04,GBP,debit,BACS,WWF,8398,Charity,synthetic
CARD PAYMENT NATIONAL RAIL  06 SEP,53.36,GBP,debit,CARD,NATIONAL RAIL,4789,Transport,synthetic
PAYPAL ODEON LONDON,108.89,GBP,debit,PAYPAL,ODEON,7832,Entertainment,synthetic
BACS GREENPEACE,51.22,GBP,debit,BACS,GREENPEACE,8398,Charity,synthetic
SO RENT  02FEB,2491.84,GBP,debit,SO,RENT,6513,Rent/Mortgage,synthetic
POS NATIONAL RAIL REF 88235926,63.20,GBP,debit,POS,NATIONAL RAIL,4789,Transport,synthetic
CARD PAYMENT MURCO BIRMINGHAM *,88.63,GBP,debit,CARD,MURCO,5172,Fuel,synthetic
TFR TO SAVINGS 20260711,690.51,GBP,credit,TFR,,,Transfers,synthetic
DIRECT DEBIT BRITISH GAS PAYMENT,86.58,GBP,debit,DD,BRITISH GAS,4899,Utilities,synthetic
PAYPAL TUI LONDON 15OCT,859.25,GBP,debit,PAYPAL,TUI,4511,Travel,synthetic
STANDING ORDER SANTANDER MORTGAGE  1611,1198.52,GBP,debit,SO,SANTANDER MORTGAGE,6513,Rent/Mortgage,synthetic
STANDING ORDER E.ON REF 80944243,161.96,GBP,debit,SO,E.ON,4814,Utilities,synthetic
CARD LASTMINUTE.COM  15MAY,353.26,GBP,debit,CARD,LASTMINUTE.COM,4722,Travel,synthetic
DIRECT DEBIT EE PAYMENT,235.44,GBP,debit,DD,EE,4899,Utilities,synthetic
BACS RED CROSS LONDON 94683,23.70,GBP,debit,BACS,RED CROSS,8398,Charity,synthetic
CARD PAYMENT SAVE THE CHILDREN LONDON 01 JUL,16.68,GBP,debit,CARD,SAVE THE CHILDREN,8398,Charity,synthetic
POS TESCO 4661,70.15,GBP,debit,POS,TESCO,5411,Groceries,synthetic
BACS CHRIS EVANS 33-44-55 99887766 RENT OCTOBER,590.75,GBP,debit,BACS,LANDLORD,6513,Rent/Mortgage,synthetic
DD PRUDENTIAL 7274,262.68,GBP,debit,DD,PRUDENTIAL,5960,Insurance,synthetic
CASH WITHDRAWAL CASH MACHINE  6804,345.16,GBP,debit,ATM,CASH MACHINE,6010,Cash Withdrawal,synthetic
VISA COSTA COFFEE OXFORD 52010 //,4.60,GBP,debit,CARD,COSTA COFFEE,5812,Coffee Shops,synthetic
CARD PAYMENT FIVE GUYS GLASGOW 20230426,32.86,GBP,debit,CARD,FIVE GUYS,5814,Dining,synthetic
PAYPAL VUE REF 76971243,17.13,GBP,debit,PAYPAL,VUE,7999,Entertainment,synthetic
DD CANCER RESEARCH UK 28045,14.57,GBP,debit,DD,CANCER RESEARCH UK,8398,Charity,synthetic
BACS UCL 99474,478.57,GBP,debit,BACS,UCL,8299,Education,synthetic
CARD PAYMENT BOOKING.COM REF 53004024,414.99,GBP,debit,CARD,BOOKING.COM,4511,Travel,synthetic
SQ COSTA 28526 20260715,3.16,GBP,debit,SQUARE,COSTA,5814,Coffee Shops,synthetic
TRANSFER TO SAVINGS 15 APR,3453.18,GBP,credit,TFR,,,Transfers,synthetic
BACS PRIME HIRE LTD PAYROLL,5210.94,GBP,credit,BACS,PRIME HIRE LTD,,Salary,synthetic
CARD PAYMENT GULF  18404,47.05,GBP,debit,CARD,GULF,5542,Fuel,synthetic
CARD PAYMENT ODEON,102.47,GBP,debit,CARD,ODEON,7999,Entertainment,synthetic
DD THAMES WATER,208.24,GBP,debit,DD,THAMES WATER,4814,Utilities,synthetic
VISA AMAZON REF 27521857,202.14,GBP,debit,CARD,AMAZON,5311,Shopping,synthetic
PAYPAL NINTENDO ESHOP  20240315,49.25,GBP,debit,PAYPAL,NINTENDO ESHOP,7832,Entertainment,synthetic
APPLE PAY MCDONALDS 79877,35.71,GBP,debit,APPLE_PAY,MCDONALDS,5812,Dining,synthetic
VISA TUI  95497,244.53,GBP,debit,CARD,TUI,4722,Travel,synthetic
SQ PRET 6062,12.85,GBP,debit,SQUARE,PRET,5812,Coffee Shops,synthetic
POS DRY CLEANERS 13181 20260108,110.69,GBP,debit,POS,DRY CLEANERS,7299,Other,synthetic
PAYPAL CANCER RESEARCH UK LONDON 11785,30.06,GBP,debit,PAYPAL,CANCER RESEARCH UK,8398,Charity,synthetic
APPLE PAY BLACK SHEEP COFFEE ,3.95,GBP,debit,APPLE_PAY,BLACK SHEEP COFFEE,5814,Coffee Shops,synthetic
CARD PAYMENT HMRC PAYMENT,331.38,GBP,debit,CARD,COUNCIL TAX,9399,Taxes,synthetic
APPLE PAY APPLE.COM/BILL  28 MAY,22.21,GBP,debit,APPLE_PAY,APPLE.COM/BILL,5968,Subscriptions,synthetic
CARD PAYMENT RNLI LONDON 50562,13.77,GBP,debit,CARD,RNLI,8398,Charity,synthetic
FASTER PAYMENT TO SAVINGS,1209.56,GBP,credit,FPS,,,Transfers,synthetic
CARD PAYMENT SELF ASSESSMENT TAX,372.00,GBP,debit,CARD,DVLA,9399,Taxes,synthetic
CARD PAYMENT GOV.UK ,74.30,GBP,debit,CARD,GOV.UK,7299,Other,synthetic
VISA ZIZZI CARDIFF 20231126,24.59,GBP,debit,CARD,ZIZZI,5814,Dining,synthetic
STANDING ORDER MORTGAGE PAYMENT //,1936.69,GBP,debit,SO,MORTGAGE PAYMENT,6513,Rent/Mortgage,synthetic
VISA ODEON MANCHESTER,16.89,GBP,debit,CARD,ODEON,7999,Entertainment,synthetic
SQ STARBUCKS REF 34678492,6.46,GBP,debit,SQUARE,STARBUCKS,5812,Coffee Shops,sandbox
ATM ATM  23 NOV,321.63,GBP,debit,ATM,ATM,6010,Cash Withdrawal,synthetic
DIRECT DEBIT BRITISH GAS REF 46245645,238.87,GBP,debit,DD,BRITISH GAS,4812,Utilities,synthetic
MASTERCARD TRAVELODGE,727.46,GBP,debit,CARD,TRAVELODGE,4722,Travel,synthetic
DD SUPERDRUG LONDON 97376,74.08,GBP,debit,DD,SUPERDRUG,8049,Healthcare,synthetic
DIRECT DEBIT HALIFAX MORTGAGE  01JAN,1101.77,GBP,debit,DD,HALIFAX MORTGAGE,6513,Rent/Mortgage,synthetic
VISA JET MANCHESTER 94363,122.50,GBP,debit,CARD,JET,5541,Fuel,synthetic
VISA OCADO 83369 16 AUG.,39.32,GBP,debit,CARD,OCADO,5411,Groceries,synthetic
VISA TEXACO 82800 20240520,112.57,GBP,debit,CARD,TEXACO,5172,Fuel,synthetic
TFR TO JOINT ACCOUNT 20260313,3798.85,GBP,credit,TFR,,,Transfers,synthetic
CARD PAYMENT MORRISONS PETROL,72.74,GBP,debit,CARD,MORRISONS PETROL,5172,Fuel,synthetic
PAYPAL UDEMY REF 17303355,298.75,GBP,debit,PAYPAL,UDEMY,8299,Education,synthetic
POS ZARA LONDON,234.48,GBP,debit,POS,ZARA,5691,Shopping,synthetic
CARD AMZN LONDON *,238.01,GBP,debit,CARD,AMZN,5691,Shopping,synthetic
BACS SPECSAVERS REF 87772948,129.35,GBP,debit,BACS,SPECSAVERS,8049,Healthcare,synthetic
FPS GLOBEX CORP PAYROLL,3234.70,GBP,credit,FPS,GLOBEX CORP,,Salary,synthetic
VISA PREMIER INN 91952,47.87,GBP,debit,CARD,PREMIER INN,4722,Travel,synthetic
BACS CITY LIT 38940 05 APR,199.74,GBP,debit,BACS,CITY LIT,8220,Education,synthetic
BACS DENTAL REF 78536500,9.33,GBP,debit,BACS,DENTAL,5912,Healthcare,synthetic
FASTER PAYMENT INNOTECH LTD PAYROLL REF 43384189 22OCT,2739.33,GBP,credit,FPS,INNOTECH LTD,,Salary,sandbox
CARD BHF REF 80868705,74.44,GBP,debit,CARD,BHF,8398,Charity,synthetic
DD SKY BROADBAND PAYMENT,239.05,GBP,debit,DD,SKY BROADBAND,4900,Utilities,synthetic
CASH WITHDRAWAL LINK ATM,440.32,GBP,debit,ATM,LINK ATM,6011,Cash Withdrawal,synthetic
STANDING ORDER DIRECT LINE  20/07/2026,46.10,GBP,debit,SO,DIRECT LINE,5960,Insurance,synthetic
DD SEVERN TRENT PAYMENT,134.50,GBP,debit,DD,SEVERN TRENT,4899,Utilities,synthetic
BACS NSPCC 65183,9.05,GBP,debit,BACS,NSPCC,8398,Charity,synthetic
DD NEWCASTLE COLLEGE 75184,491.28,GBP,debit,DD,NEWCASTLE COLLEGE,8299,Education,synthetic
POS DRY CLEANERS 99468,92.18,GBP,debit,POS,DRY CLEANERS,7299,Other,synthetic
LINK ATM CASH MACHINE 1372,256.14,GBP,debit,ATM,CASH MACHINE,6011,Cash Withdrawal,synthetic
APPLE PAY NERO REF 55729880,4.04,GBP,debit,APPLE_PAY,NERO,5812,Coffee Shops,synthetic
PAYPAL RNLI 77027,49.63,GBP,debit,PAYPAL,RNLI,8398,Charity,synthetic
CARD NHS REF 16409970,70.23,GBP,debit,CARD,NHS,8011,Healthcare,synthetic
CARD JD SPORTS MANCHESTER 20230628,102.17,GBP,debit,CARD,JD SPORTS,5691,Shopping,synthetic
APPLE PAY DROPBOX 20260314 *,15.73,GBP,debit,APPLE_PAY,DROPBOX,5734,Subscriptions,sandbox
SO HASTINGS //,350.48,GBP,debit,SO,HASTINGS,6300,Insurance,synthetic
DD OPEN UNIVERSITY,112.39,GBP,debit,DD,OPEN UNIVERSITY,8299,Education,synthetic
POS OPTICIANS,93.90,GBP,debit,POS,OPTICIANS,8021,Healthcare,synthetic
PAYPAL NETFLIX  18MAY,6.64,GBP,debit,PAYPAL,NETFLIX,5734,Subscriptions,synthetic
DD CITY LIT 46946.,467.82,GBP,debit,DD,CITY LIT,8299,Education,synthetic
PAYPAL TICKETMASTER  54773,94.72,GBP,debit,PAYPAL,TICKETMASTER,7832,Entertainment,synthetic
DIRECT DEBIT AXA,55.10,GBP,debit,DD,AXA,5960,Insurance,synthetic
ATM CASH MACHINE ,383.19,GBP,debit,ATM,CASH MACHINE,6010,Cash Withdrawal,synthetic
PAYPAL SKY STORE ,20.45,GBP,debit,PAYPAL,SKY STORE,7922,Entertainment,synthetic
POS GREENE KING 43497 04JAN,20.59,GBP,debit,POS,GREENE KING,5814,Dining,synthetic
CARD PAYMENT POST OFFICE  15SEP,158.23,GBP,debit,CARD,POST OFFICE,7299,Other,synthetic
LINK ATM CASH MACHINE MANCHESTER 5392,356.28,GBP,debit,ATM,CASH MACHINE,6011,Cash Withdrawal,synthetic
APPLE PAY WETHERSPOONS REF 87500742,45.29,GBP,debit,APPLE_PAY,WETHERSPOONS,5814,Dining,synthetic
DD BOOTS MANCHESTER 28SEP *,127.83,GBP,debit,DD,BOOTS,8021,Healthcare,synthetic
CARD KFC EDINBURGH *,70.44,GBP,debit,CARD,KFC,5812,Dining,synthetic
ACCOUNT FEE NATIONWIDE,3.04,GBP,debit,SO,NATIONWIDE,6012,Fees,synthetic
VISA PRET LONDON 28JUL //,2.94,GBP,debit,CARD,PRET,5814,Coffee Shops,synthetic
CARD WWF 59055 17/02/2026,20.19,GBP,debit,CARD,WWF,8398,Charity,synthetic
PAYPAL MICROSOFT 365 REF 47417309,34.50,GBP,debit,PAYPAL,MICROSOFT 365,5734,Subscriptions,synthetic
VISA MORRISONS PETROL REF 53649791,115.25,GBP,debit,CARD,MORRISONS PETROL,5541,Fuel,synthetic
CARD CAFE LOCAL,6.94,GBP,debit,CARD,CAFE LOCAL,5812,Coffee Shops,synthetic
PAYPAL NOW TV ,19.96,GBP,debit,PAYPAL,NOW TV,5968,Subscriptions,synthetic
STANDING ORDER CHURCHILL 53656 13 FEB,56.90,GBP,debit,SO,CHURCHILL,5960,Insurance,synthetic
STRIPE ZARA  19 SEP,64.83,GBP,debit,STRIPE,ZARA,5691,Shopping,synthetic
CASH WITHDRAWAL ATM LONDON,347.17,GBP,debit,ATM,ATM,6011,Cash Withdrawal,synthetic
BACS HM REVENUE & CUSTOMS,233.12,GBP,debit,BACS,HMRC,9399,Taxes,synthetic
BACS SANTANDER MORTGAGE REF 35670862,501.10,GBP,debit,BACS,SANTANDER MORTGAGE,6513,Rent/Mortgage,synthetic
DD PEABODY REF 85775443,2267.91,GBP,debit,DD,PEABODY,6513,Rent/Mortgage,synthetic
CASH WITHDRAWAL LINK ATM LONDON,405.37,GBP,debit,ATM,LINK ATM,6010,Cash Withdrawal,synthetic
FPS MONTHLY SALARY ACME LIMITED,4243.14,GBP,credit,FPS,ACME LIMITED,,Salary,synthetic
BACS DENTAL 19867 25 JUN,145.60,GBP,debit,BACS,DENTAL,5912,Healthcare,synthetic
CARD PAYMENT ARRIVA //,36.41,GBP,debit,CARD,ARRIVA,4131,Transport,synthetic
CARD PAYMENT APPLE.COM/BILL 78764 05 FEB,5.30,GBP,debit,CARD,APPLE.COM/BILL,4899,Subscriptions,synthetic
SO LV=  19JAN,236.47,GBP,debit,SO,LV=,6300,Insurance,synthetic
VISA APPLE MUSIC 64703,10.55,GBP,debit,CARD,APPLE MUSIC,4899,Subscriptions,synthetic
POS STEAM MANCHESTER,35.62,GBP,debit,POS,STEAM,7832,Entertainment,synthetic
BACS EDF ENERGY REF 10062336,69.26,GBP,debit,BACS,EDF ENERGY,4900,Utilities,synthetic
DD PRUDENTIAL  67294,371.06,GBP,debit,DD,PRUDENTIAL,6300,Insurance,synthetic
DD LV 20240206 //,373.60,GBP,debit,DD,LV,6300,Insurance,synthetic
CARD PAYMENT TESCO STORES LEEDS 20250312,38.39,GBP,debit,CARD,TESCO STORES,5300,Groceries,synthetic
OVERDRAFT INTEREST CHARGE,33.43,GBP,debit,SO,BARCLAYS,6012,Fees,synthetic
CARD SPECSAVERS 60004,23.18,GBP,debit,CARD,SPECSAVERS,8049,Healthcare,synthetic
CASH WITHDRAWAL CASH MACHINE LEEDS,162.45,GBP,debit,ATM,CASH MACHINE,6011,Cash Withdrawal,synthetic
FASTER PAYMENT FROM CURRENT ACCOUNT,3650.37,GBP,credit,FPS,,,Transfers,synthetic
CARD PAYMENT NETFLIX.COM 63933 06 OCT,21.85,GBP,debit,CARD,NETFLIX.COM,5968,Subscriptions,synthetic
CARD PAYMENT EASYJET  98515,130.27,GBP,debit,CARD,EASYJET,4511,Travel,synthetic
LINK ATM LINK ATM //,28.30,GBP,debit,ATM,LINK ATM,6011,Cash Withdrawal,synthetic
POS NHS PRESCRIPTION,56.20,GBP,debit,POS,NHS PRESCRIPTION,8011,Healthcare,synthetic
APPLE PAY HARVESTER REF 73909453 //,50.31,GBP,debit,APPLE_PAY,HARVESTER,5812,Dining,synthetic
SQ GREGGS OXFORD 02FEB,10.82,GBP,debit,SQUARE,GREGGS,5812,Coffee Shops,synthetic
MASTERCARD TUI  05JUL,539.97,GBP,debit,CARD,TUI,4511,Travel,synthetic
CARD PAYMENT GOOGLE ONE ,7.43,GBP,debit,CARD,GOOGLE ONE,4899,Subscriptions,synthetic
SO NATIONWIDE MORTGAGE  28180,2065.79,GBP,debit,SO,NATIONWIDE MORTGAGE,6513,Rent/Mortgage,synthetic
BACS SPECSAVERS MANCHESTER 09/01/2024,16.52,GBP,debit,BACS,SPECSAVERS,8011,Healthcare,synthetic
CARD PAYMENT UNIVERSITY 93210 20230128,429.54,GBP,debit,CARD,UNIVERSITY,8299,Education,synthetic
PAYPAL XBOX.,40.55,GBP,debit,PAYPAL,XBOX,7922,Entertainment,synthetic
DD THREE REF 35842902,203.57,GBP,debit,DD,THREE,4900,Utilities,synthetic
APPLE PAY SANTANDER CYCLES,44.80,GBP,debit,APPLE_PAY,SANTANDER CYCLES,4789,Transport,synthetic
CARD PAYMENT TFL TRAVEL CHARGE LEEDS,15.02,GBP,debit,CARD,TFL TRAVEL CHARGE,4131,Transport,synthetic
GOOGLE PAY M&S MANCHESTER,55.60,GBP,debit,GOOGLE_PAY,M&S,5499,Groceries,synthetic
PAYPAL TRANSPORT FOR LONDON LONDON 28151,37.43,GBP,debit,PAYPAL,TRANSPORT FOR LONDON,4789,Transport,synthetic
ACCOUNT FEE HSBC,13.79,GBP,debit,DD,HSBC,6012,Fees,synthetic
BACS POST OFFICE LONDON 23 JUL,94.60,GBP,debit,BACS,POST OFFICE,5999,Other,synthetic
BACS COUNCIL TAX,363.78,GBP,debit,BACS,,9399,Taxes,synthetic
FPS INNOTECH LTD PAYROLL,4224.67,GBP,credit,FPS,INNOTECH LTD,,Salary,synthetic
CARD CANCER RESEARCH UK 95389,87.55,GBP,debit,CARD,CANCER RESEARCH UK,8398,Charity,synthetic
CASH WITHDRAWAL FEE,20.49,GBP,debit,DD,HALIFAX,6051,Fees,synthetic
PAYPAL COURSERA 93368,304.23,GBP,debit,PAYPAL,COURSERA,8220,Education,synthetic
CARD PAYMENT AMAZON.CO.UK 23439,238.89,GBP,debit,CARD,AMAZON.CO.UK,5691,Shopping,synthetic
FPS HALIFAX MORTGAGE  89832,1283.42,GBP,debit,FPS,HALIFAX MORTGAGE,6513,Rent/Mortgage,synthetic
MASTERCARD SUBWAY 56220 02 OCT,88.28,GBP,debit,CARD,SUBWAY,5814,Dining,synthetic
MASTERCARD SAINSBURYS PETROL 35396,94.26,GBP,debit,CARD,SAINSBURYS PETROL,5172,Fuel,synthetic
CASH WITHDRAWAL CASH MACHINE.,477.21,GBP,debit,ATM,CASH MACHINE,6010,Cash Withdrawal,synthetic
FPS INCOME TAX PAYMENT,244.36,GBP,debit,FPS,DVLA,9399,Taxes,synthetic
VISA SPOTIFY PREMIUM ,30.08,GBP,debit,CARD,SPOTIFY PREMIUM,5734,Subscriptions,synthetic
STRIPE AMAZON REF 79524101,75.43,GBP,debit,STRIPE,AMAZON,5399,Shopping,synthetic
TFR TO SAVINGS,3878.10,GBP,credit,TFR,,,Transfers,synthetic
SQ COSTA COFFEE REF 82196170,9.01,GBP,debit,SQUARE,COSTA COFFEE,5814,Coffee Shops,synthetic
VISA WAITROSE BIRMINGHAM 38569,62.40,GBP,debit,CARD,WAITROSE,5300,Groceries,synthetic
CARD PAYMENT HMRC PAYMENT,293.33,GBP,debit,CARD,DVLA,9399,Taxes,synthetic
MONTHLY ACCOUNT FEE,48.65,GBP,debit,DD,NATIONWIDE,6051,Fees,synthetic
POS BP 17698,25.95,GBP,debit,POS,BP,5172,Fuel,synthetic
BACS JANE DOE 12-34-56 87654321 RENT AUGUST,434.18,GBP,debit,BACS,LANDLORD,6513,Rent/Mortgage,synthetic
CARD PAYMENT COUNCIL TAX,69.19,GBP,debit,CARD,HMRC,9211,Taxes,synthetic
CARD TESCO PETROL MANCHESTER 20OCT,27.01,GBP,debit,CARD,TESCO PETROL,5542,Fuel,synthetic
CARD PAYMENT CINEWORLD MANCHESTER 92470,113.37,GBP,debit,CARD,CINEWORLD,7999,Entertainment,synthetic
DD SAVE THE CHILDREN,20.96,GBP,debit,DD,SAVE THE CHILDREN,8398,Charity,synthetic
FASTER PAYMENT SALARY PRIME HIRE LTD,3222.40,GBP,credit,FPS,PRIME HIRE LTD,,Salary,synthetic
PAYPAL NEWCASTLE COLLEGE *,303.58,GBP,debit,PAYPAL,NEWCASTLE COLLEGE,8220,Education,synthetic
BANK TRANSFER BETWEEN ACCOUNTS REF 15591248,1652.85,GBP,credit,TFR,,,Transfers,synthetic
FPS ACME LTD SALARY 20241217,1639.77,GBP,credit,FPS,ACME LTD,,Salary,synthetic
CARD PAYMENT NHS REF 33584929,17.97,GBP,debit,CARD,NHS,5912,Healthcare,synthetic
BACS PASSPORT OFFICE  54260,186.97,GBP,debit,BACS,PASSPORT OFFICE,5999,Other,synthetic
POS BOOTS REF 75320544,59.97,GBP,debit,POS,BOOTS,8011,Healthcare,synthetic
BANK TRANSFER BETWEEN ACCOUNTS,4416.93,GBP,credit,TFR,,,Transfers,synthetic
CARD BRITISH HEART FOUNDATION  86475,27.82,GBP,debit,CARD,BRITISH HEART FOUNDATION,8398,Charity,synthetic
CARD PAYMENT GREENPEACE REF 86082940,46.26,GBP,debit,CARD,GREENPEACE,8398,Charity,sandbox
CARD PAYMENT OCADO 37727,20.65,GBP,debit,CARD,OCADO,5300,Groceries,synthetic
PAYPAL SKY STORE.,38.53,GBP,debit,PAYPAL,SKY STORE,7999,Entertainment,synthetic
CARD SEE TICKETS 308,57.46,GBP,debit,CARD,SEE TICKETS,7999,Entertainment,synthetic
CARD ICELAND LONDON 14JUL,61.06,GBP,debit,CARD,ICELAND,5411,Groceries,synthetic
DD LV= ,192.07,GBP,debit,DD,LV=,6300,Insurance,synthetic
POS SEE TICKETS 90408,49.13,GBP,debit,POS,SEE TICKETS,7832,Entertainment,synthetic
BACS HALCYON GROUP SALARY,4769.47,GBP,credit,BACS,HALCYON GROUP,,Salary,synthetic
SO SSE PAYMENT,262.61,GBP,debit,SO,SSE,4900,Utilities,synthetic
FPS TO SAVINGS,1002.94,GBP,credit,FPS,,,Transfers,synthetic
TFR TO SAVINGS ACCOUNT REF 82942380,218.57,GBP,credit,TFR,,,Transfers,synthetic
VISA OCADO BRISTOL 78147,59.70,GBP,debit,CARD,OCADO,5300,Groceries,synthetic
CASH WITHDRAWAL FEE,7.06,GBP,debit,SO,BARCLAYS,6012,Fees,synthetic
VISA ZIZZI GLASGOW 95402.,17.23,GBP,debit,CARD,ZIZZI,5814,Dining,synthetic
CARD DRY CLEANERS LONDON *,111.77,GBP,debit,CARD,DRY CLEANERS,7299,Other,synthetic
CARD NETFLIX  66398,23.63,GBP,debit,CARD,NETFLIX,5734,Subscriptions,synthetic
VISA WETHERSPOONS GLASGOW 7186 *,33.70,GBP,debit,CARD,WETHERSPOONS,5812,Dining,synthetic
LINK ATM CASH MACHINE MANCHESTER 13SEP,383.80,GBP,debit,ATM,CASH MACHINE,6010,Cash Withdrawal,synthetic
LINK ATM CASH MACHINE MANCHESTER *,481.15,GBP,debit,ATM,CASH MACHINE,6011,Cash Withdrawal,synthetic
APPLE PAY LIME,30.15,GBP,debit,APPLE_PAY,LIME,4121,Transport,synthetic
MASTERCARD NANDOS LONDON,32.69,GBP,debit,CARD,NANDOS,5812,Dining,synthetic
CARD PAYMENT PIZZA EXPRESS LONDON 18239,40.86,GBP,debit,CARD,PIZZA EXPRESS,5812,Dining,synthetic
DIRECT DEBIT HASTINGS  86704,238.40,GBP,debit,DD,HASTINGS,5960,Insurance,synthetic
STANDING ORDER BT REF 98519306,285.51,GBP,debit,SO,BT,4899,Utilities,synthetic
SQ TIM HORTONS 63175 *,7.84,GBP,debit,SQUARE,TIM HORTONS,5814,Coffee Shops,synthetic
CARD CAFE LOCAL 67095 09/07/2024,8.67,GBP,debit,CARD,CAFE LOCAL,5814,Coffee Shops,sandbox
BACS OXFAM,98.14,GBP,debit,BACS,OXFAM,8398,Charity,synthetic
FPS TO SAVINGS 20241122,3510.74,GBP,credit,FPS,,,Transfers,synthetic
DD VITALITY  92931,333.70,GBP,debit,DD,VITALITY,5960,Insurance,synthetic
CARD KFC EDINBURGH 28821,70.47,GBP,debit,CARD,KFC,5812,Dining,synthetic
BACS CHURCHILL REF 68306519,336.69,GBP,debit,BACS,CHURCHILL,6300,Insurance,synthetic
CARD PAYMENT POST OFFICE,155.15,GBP,debit,CARD,POST OFFICE,7299,Other,synthetic
PAYPAL AMAZON.CO.UK REF 90772485,212.98,GBP,debit,PAYPAL,AMAZON.CO.UK,5691,Shopping,synthetic
VISA SKY STORE REF 16174008,55.51,GBP,debit,CARD,SKY STORE,7922,Entertainment,synthetic
FOREIGN TRANSACTION FEE,16.07,GBP,debit,SO,HALIFAX,6051,Fees,synthetic
BACS JANE DOE 12-34-56 87654321 RENT AUGUST,1691.59,GBP,debit,BACS,NATIONWIDE MORTGAGE,6513,Rent/Mortgage,synthetic
STANDING ORDER BT PAYMENT,61.97,GBP,debit,SO,BT,4899,Utilities,synthetic
OVERDRAFT INTEREST CHARGE,41.13,GBP,debit,DD,HALIFAX,6012,Fees,synthetic
CARD ODEON REF 92732173,33.09,GBP,debit,CARD,ODEON,7999,Entertainment,synthetic
APPLE PAY NOW TV 23096,12.99,GBP,debit,APPLE_PAY,NOW TV,4899,Subscriptions,synthetic
CARD PAYMENT JET2 GATWICK 19 APR,143.58,GBP,debit,CARD,JET2,4411,Travel,synthetic
DD GREENPEACE ,80.11,GBP,debit,DD,GREENPEACE,8398,Charity,synthetic
CASH WITHDRAWAL FEE,20.96,GBP,debit,SO,HALIFAX,6012,Fees,synthetic
CARD GOOGLE STORAGE 11215 13 JUL,29.04,GBP,debit,CARD,GOOGLE STORAGE,5968,Subscriptions,synthetic
CARD SHELL,61.32,GBP,debit,CARD,SHELL,5541,Fuel,synthetic
APPLE PAY SANTANDER CYCLES LONDON 22OCT,65.84,GBP,debit,APPLE_PAY,SANTANDER CYCLES,4121,Transport,synthetic
CARD PAYMENT SCHOOL FEES,247.16,GBP,debit,CARD,SCHOOL FEES,8299,Education,synthetic
PAYPAL TRAVELODGE ,462.51,GBP,debit,PAYPAL,TRAVELODGE,4722,Travel,synthetic
CARD PAYMENT NINTENDO ESHOP REF 78104290,36.60,GBP,debit,CARD,NINTENDO ESHOP,7832,Entertainment,synthetic
VISA TESCO REF 50181935,77.21,GBP,debit,CARD,TESCO,5300,Groceries,synthetic
PAYPAL JUSTGIVING 5764 17 MAY,37.46,GBP,debit,PAYPAL,JUSTGIVING,8398,Charity,synthetic
CARD PAYMENT BP 39622 25/10/2026,96.59,GBP,debit,CARD,BP,5172,Fuel,synthetic
TFR TO SAVINGS ACCOUNT 20230716,4605.41,GBP,credit,TFR,,,Transfers,synthetic
FPS GLOBEX CORP PAYROLL REF 33071700,5758.09,GBP,credit,FPS,GLOBEX CORP,,Salary,synthetic
SO HASTINGS ,256.97,GBP,debit,SO,HASTINGS,6300,Insurance,synthetic
BACS HMRC PAYMENT,80.73,GBP,debit,BACS,DVLA,9211,Taxes,synthetic
VISA TRAVELODGE 59635,730.74,GBP,debit,CARD,TRAVELODGE,4722,Travel,synthetic
CARD TRANSPORT FOR LONDON REF 28022414,76.21,GBP,debit,CARD,TRANSPORT FOR LONDON,4789,Transport,synthetic
POS NINTENDO ESHOP LONDON 22JUN,59.42,GBP,debit,POS,NINTENDO ESHOP,7999,Entertainment,synthetic
CARD NEXT LONDON,216.94,GBP,debit,CARD,NEXT,5691,Shopping,synthetic
PACKAGED ACCOUNT FEE,11.83,GBP,debit,SO,BARCLAYS,6012,Fees,synthetic
POS HAIRDRESSERS *,81.06,GBP,debit,POS,HAIRDRESSERS,5999,Other,synthetic
DIRECT DEBIT EDF ENERGY,199.88,GBP,debit,DD,EDF ENERGY,4812,Utilities,synthetic
CASH WITHDRAWAL FEE,45.16,GBP,debit,SO,HSBC,6051,Fees,sandbox
POS CAFE LOCAL OXFORD 20260825,4.50,GBP,debit,POS,CAFE LOCAL,5812,Coffee Shops,synthetic
CARD PAYMENT UCL  20250617,262.65,GBP,debit,CARD,UCL,8220,Education,synthetic
FPS NORTHWIND SERVICES PAYROLL,4916.02,GBP,credit,FPS,NORTHWIND SERVICES,,Salary,synthetic
POS DENTAL REF 18213084,75.62,GBP,debit,POS,DENTAL,8011,Healthcare,synthetic
TFR TO SAVINGS,438.45,GBP,credit,TFR,,,Transfers,synthetic
POS ODEON LONDON 07 FEB,132.62,GBP,debit,POS,ODEON,7832,Entertainment,synthetic
CASH WITHDRAWAL LINK ATM REF 97089084,231.98,GBP,debit,ATM,LINK ATM,6010,Cash Withdrawal,synthetic
FASTER PAYMENT TO SAVINGS 09SEP,4853.96,GBP,credit,FPS,,,Transfers,synthetic
PAYPAL DROPBOX 30462 //,20.22,GBP,debit,PAYPAL,DROPBOX,5734,Subscriptions,synthetic
FASTER PAYMENT ACME LIMITED SALARY 03 JAN,3047.82,GBP,credit,FPS,ACME LIMITED,,Salary,synthetic
PAYPAL NEWCASTLE COLLEGE LONDON 20250113,41.13,GBP,debit,PAYPAL,NEWCASTLE COLLEGE,8299,Education,synthetic
BACS ACME LIMITED PAYROLL,1942.89,GBP,credit,BACS,ACME LIMITED,,Salary,synthetic
DIRECT DEBIT PRUDENTIAL,364.81,GBP,debit,DD,PRUDENTIAL,6300,Insurance,synthetic
STANDING ORDER THAMES WATER REF 95539887,74.61,GBP,debit,SO,THAMES WATER,4812,Utilities,synthetic
CARD PRIME VIDEO REF 74836671,34.78,GBP,debit,CARD,PRIME VIDEO,5734,Subscriptions,synthetic
ATM CASH MACHINE REF 74165645,474.86,GBP,debit,ATM,CASH MACHINE,6010,Cash Withdrawal,synthetic
CARD PAYMENT PRET,5.03,GBP,debit,CARD,PRET,5814,Coffee Shops,synthetic
CARD NHS PRESCRIPTION *,32.92,GBP,debit,CARD,NHS PRESCRIPTION,8049,Healthcare,synthetic
PAYPAL NEWCASTLE COLLEGE,175.79,GBP,debit,PAYPAL,NEWCASTLE COLLEGE,8220,Education,synthetic
CARD PAYMENT EBAY 85247 18FEB,176.26,GBP,debit,CARD,EBAY,5310,Shopping,synthetic
CARD SPORTS DIRECT MANCHESTER,43.10,GBP,debit,CARD,SPORTS DIRECT,5310,Shopping,synthetic
BACS DRY CLEANERS,132.03,GBP,debit,BACS,DRY CLEANERS,7299,Other,synthetic
PAYPAL GOOGLE ONE REF 22226750,16.55,GBP,debit,PAYPAL,GOOGLE ONE,5968,Subscriptions,synthetic
POS BOLT,36.95,GBP,debit,POS,BOLT,4789,Transport,synthetic
PAYPAL ADOBE  45522,13.04,GBP,debit,PAYPAL,ADOBE,5968,Subscriptions,synthetic
FASTER PAYMENT MONTHLY SALARY ACME LIMITED,1270.91,GBP,credit,FPS,ACME LIMITED,,Salary,synthetic
CARD PAYMENT HMRC PAYMENT,57.99,GBP,debit,CARD,,9211,Taxes,synthetic
TFR TO JOINT ACCOUNT 28AUG,1497.26,GBP,credit,TFR,,,Transfers,synthetic
BACS HAIRDRESSERS REF 37767003,169.02,GBP,debit,BACS,HAIRDRESSERS,7299,Other,synthetic
CARD NINTENDO ESHOP 80722 22 APR,68.03,GBP,debit,CARD,NINTENDO ESHOP,7999,Entertainment,synthetic
VISA MURCO,71.62,GBP,debit,CARD,MURCO,5172,Fuel,synthetic
BACS PASSPORT OFFICE LONDON 25048,85.32,GBP,debit,BACS,PASSPORT OFFICE,7299,Other,synthetic
VISA BRITISH AIRWAYS ,729.15,GBP,debit,CARD,BRITISH AIRWAYS,4722,Travel,synthetic
BACS BARCLAYS MORTGAGE 31013 23 APR,1185.11,GBP,debit,BACS,BARCLAYS MORTGAGE,6513,Rent/Mortgage,synthetic
VISA STARBUCKS REF 41702866.,9.53,GBP,debit,CARD,STARBUCKS,5812,Coffee Shops,synthetic
MASTERCARD JET2,140.86,GBP,debit,CARD,JET2,4722,Travel,synthetic
BACS HOUSING ASSOCIATION,2352.71,GBP,debit,BACS,HOUSING ASSOCIATION,9399,Rent/Mortgage,synthetic
VISA BA,408.62,GBP,debit,CARD,BA,4722,Travel,synthetic
CARD PAYMENT JET MANCHESTER 03/10/2026,27.15,GBP,debit,CARD,JET,5172,Fuel,synthetic
FPS INNOTECH LTD PAYROLL REF 50109750,4272.71,GBP,credit,FPS,INNOTECH LTD,,Salary,synthetic
ACCOUNT FEE HALIFAX,6.17,GBP,debit,SO,HALIFAX,6012,Fees,synthetic
CARD MCDONALDS GLASGOW,64.60,GBP,debit,CARD,MCDONALDS,5814,Dining,synthetic
BACS CANCER RESEARCH UK ,49.29,GBP,debit,BACS,CANCER RESEARCH UK,8398,Charity,synthetic
CARD POST OFFICE LONDON 06MAY,33.12,GBP,debit,CARD,POST OFFICE,7299,Other,synthetic
POS CAFFE NERO REF 35579048,15.51,GBP,debit,POS,CAFFE NERO,5814,Coffee Shops,sandbox
PAYPAL JOHN LEWIS MANCHESTER,105.17,GBP,debit,PAYPAL,JOHN LEWIS,5691,Shopping,synthetic
CARD RED CROSS 5049,36.56,GBP,debit,CARD,RED CROSS,8398,Charity,synthetic
FASTER PAYMENT SALARY NORTHWIND SERVICES,4080.59,GBP,credit,FPS,NORTHWIND SERVICES,,Salary,synthetic
PAYPAL KINGS COLLEGE LONDON LONDON 27668,468.69,GBP,debit,PAYPAL,KINGS COLLEGE LONDON,8299,Education,synthetic
MONTHLY ACCOUNT FEE,43.69,GBP,debit,SO,,6051,Fees,synthetic
FPS SELF ASSESSMENT TAX,237.02,GBP,debit,FPS,HMRC,9211,Taxes,synthetic
POS PRET A MANGER REF 66615250,6.16,GBP,debit,POS,PRET A MANGER,5812,Coffee Shops,synthetic
BACS MONTHLY RENT 93048 04/02/2025 *,1410.52,GBP,debit,BACS,MONTHLY RENT,9399,Rent/Mortgage,synthetic
BACS BHF,28.20,GBP,debit,BACS,BHF,8398,Charity,synthetic
SQ PRET  20/02/2024,14.61,GBP,debit,SQUARE,PRET,5814,Coffee Shops,synthetic
BACS CHURCHILL,249.92,GBP,debit,BACS,CHURCHILL,6300,Insurance,synthetic
SO HASTINGS 73721 11/03/2023,107.11,GBP,debit,SO,HASTINGS,5960,Insurance,synthetic
CARD PAYMENT TRAINLINE MANCHESTER,81.68,GBP,debit,CARD,TRAINLINE,4789,Transport,synthetic
APPLE PAY TESCO EXPRESS MANCHESTER 60432,62.60,GBP,debit,APPLE_PAY,TESCO EXPRESS,5300,Groceries,synthetic
STANDING ORDER HASTINGS 9790.,283.89,GBP,debit,SO,HASTINGS,5960,Insurance,synthetic
POS DRY CLEANERS 365,14.11,GBP,debit,POS,DRY CLEANERS,5999,Other,synthetic
VISA PRET //,13.22,GBP,debit,CARD,PRET,5814,Coffee Shops,synthetic
SO UNITED UTILITIES,263.87,GBP,debit,SO,UNITED UTILITIES,4814,Utilities,synthetic
STRIPE ETSY MANCHESTER 86290,245.24,GBP,debit,STRIPE,ETSY,5691,Shopping,synthetic
LATE PAYMENT FEE,15.96,GBP,debit,SO,LLOYDS,6012,Fees,synthetic
BACS SALARY NORTHWIND SERVICES,3217.52,GBP,credit,BACS,NORTHWIND SERVICES,,Salary,synthetic
LINK ATM CASH MACHINE 11597 20231124,417.78,GBP,debit,ATM,CASH MACHINE,6010,Cash Withdrawal,synthetic
APPLE PAY DOMINO'S ,84.58,GBP,debit,APPLE_PAY,DOMINO'S,5812,Dining,synthetic
CARD ESSO MANCHESTER,33.24,GBP,debit,CARD,ESSO,5172,Fuel,synthetic
BACS CLARION HOUSING  59989,988.69,GBP,debit,BACS,CLARION HOUSING,6513,Rent/Mortgage,synthetic
SO VODAFONE REF 90003444,245.43,GBP,debit,SO,VODAFONE,4900,Utilities,synthetic
POS DOMINO'S 99777.,77.62,GBP,debit,POS,DOMINO'S,5814,Dining,sandbox
CARD PAYMENT NHS  22/12/2023,100.85,GBP,debit,CARD,NHS,8021,Healthcare,synthetic
BACS GLOBEX CORP PAYROLL 02 APR,3614.39,GBP,credit,BACS,GLOBEX CORP,,Salary,synthetic
CARD SPOTIFY PREMIUM  94999,20.50,GBP,debit,CARD,SPOTIFY PREMIUM,5968,Subscriptions,synthetic
BACS VISION EXPRESS MANCHESTER,124.05,GBP,debit,BACS,VISION EXPRESS,5912,Healthcare,synthetic
BACS JOHN SMITH 20-45-67 12345678 RENT SEPTEMBER,2051.23,GBP,debit,BACS,MONTHLY RENT,6513,Rent/Mortgage,synthetic
DD INCOME TAX PAYMENT,210.30,GBP,debit,DD,HMRC,9399,Taxes,synthetic
CARD PAYMENT MORRISONS LEEDS 52064 //,110.34,GBP,debit,CARD,MORRISONS,5499,Groceries,synthetic
PAYPAL VUE LONDON 13/11/2026,97.93,GBP,debit,PAYPAL,VUE,7999,Entertainment,synthetic
CARD GREGGS MANCHESTER 10NOV,4.44,GBP,debit,CARD,GREGGS,5814,Coffee Shops,synthetic
CARD PAYMENT UCL.,322.81,GBP,debit,CARD,UCL,8299,Education,synthetic
CARD PAYMENT TEXACO REF 66379776,120.87,GBP,debit,CARD,TEXACO,5541,Fuel,synthetic
VISA CO-OP 87126,17.12,GBP,debit,CARD,CO-OP,5411,Groceries,synthetic
POS TEXACO BIRMINGHAM 22 MAR,32.91,GBP,debit,POS,TEXACO,5541,Fuel,synthetic
MASTERCARD PIZZA HUT CARDIFF,32.18,GBP,debit,CARD,PIZZA HUT,5812,Dining,synthetic
CASH WITHDRAWAL CASH MACHINE 32123 28/08/2024 //,342.73,GBP,debit,ATM,CASH MACHINE,6010,Cash Withdrawal,synthetic
VISA SAINSBURYS REF 94216001,18.46,GBP,debit,CARD,SAINSBURYS,5411,Groceries,synthetic
DD BHF 83588,89.00,GBP,debit,DD,BHF,8398,Charity,synthetic
CARD OPTICIANS MANCHESTER 07JAN,84.01,GBP,debit,CARD,OPTICIANS,5912,Healthcare,synthetic
BACS SUPERDRUG LONDON 25/07/2026,23.87,GBP,debit,BACS,SUPERDRUG,8021,Healthcare,synthetic
MONTHLY ACCOUNT FEE,7.93,GBP,debit,SO,HALIFAX,6012,Fees,synthetic
PAYPAL BOLT 64716 07 MAY,50.60,GBP,debit,PAYPAL,BOLT,4121,Transport,synthetic
BACS INCOME TAX PAYMENT,343.01,GBP,debit,BACS,DVLA,9211,Taxes,synthetic
POS CURRYS 36708,198.84,GBP,debit,POS,CURRYS,5691,Shopping,synthetic
CARD PAYMENT SUBWAY LONDON,43.41,GBP,debit,CARD,SUBWAY,5814,Dining,synthetic
CARD PAYMENT VUE CINEMA LONDON 28SEP,136.30,GBP,debit,CARD,VUE CINEMA,7832,Entertainment,synthetic
BACS CHURCHILL 12730,371.46,GBP,debit,BACS,CHURCHILL,6300,Insurance,synthetic
DD DVLA VEHICLE TAX,388.72,GBP,debit,DD,HMRC,9399,Taxes,synthetic
POS COSTA COFFEE,5.01,GBP,debit,POS,COSTA COFFEE,5814,Coffee Shops,synthetic
STANDING ORDER CHURCHILL ,50.05,GBP,debit,SO,CHURCHILL,6300,Insurance,synthetic
APPLE PAY UBER TRIP 26324 20261125,24.53,GBP,debit,APPLE_PAY,UBER TRIP,4789,Transport,synthetic
APPLE PAY GETT REF 37670356,54.21,GBP,debit,APPLE_PAY,GETT,4111,Transport,synthetic
BACS LANDLORD ,1838.83,GBP,debit,BACS,LANDLORD,9399,Rent/Mortgage,synthetic
CARD PAYMENT GETT LEEDS,14.28,GBP,debit,CARD,GETT,4111,Transport,synthetic
CASH WITHDRAWAL LINK ATM 59506 26FEB,220.91,GBP,debit,ATM,LINK ATM,6011,Cash Withdrawal,synthetic
MASTERCARD ESSO BIRMINGHAM 20230204,20.01,GBP,debit,CARD,ESSO,5172,Fuel,synthetic
SQ CAFE LOCAL 72220 24/05/2025 *,6.55,GBP,debit,SQUARE,CAFE LOCAL,5814,Coffee Shops,synthetic
CARD TUI,802.76,GBP,debit,CARD,TUI,4411,Travel,synthetic
FPS SALARY NORTHWIND SERVICES 10 OCT,3702.42,GBP,credit,FPS,NORTHWIND SERVICES,,Salary,synthetic
PAYPAL TFL TRAVEL CHARGE LEEDS 63078,14.47,GBP,debit,PAYPAL,TFL TRAVEL CHARGE,4111,Transport,synthetic
CARD HAIRDRESSERS 98884 23/01/2026,76.77,GBP,debit,CARD,HAIRDRESSERS,7299,Other,synthetic
BACS OXFAM LONDON 22DEC,78.92,GBP,debit,BACS,OXFAM,8398,Charity,synthetic
CARD PAYMENT DENTAL,105.97,GBP,debit,CARD,DENTAL,8011,Healthcare,synthetic
OVERDRAFT INTEREST CHARGE,22.40,GBP,debit,SO,HALIFAX,6051,Fees,synthetic
DD KINGS COLLEGE LONDON 39512,298.52,GBP,debit,DD,KINGS COLLEGE LONDON,8299,Education,synthetic
BACS INCOME TAX PAYMENT,486.16,GBP,debit,BACS,HM REVENUE & CUSTOMS,9399,Taxes,synthetic
POS PASSPORT OFFICE  01 JUL,77.24,GBP,debit,POS,PASSPORT OFFICE,5999,Other,synthetic
BACS CITY LIT LONDON,325.60,GBP,debit,BACS,CITY LIT,8299,Education,synthetic
POS M&S 59187,35.72,GBP,debit,POS,M&S,5499,Groceries,synthetic
DD SUPERDRUG,133.05,GBP,debit,DD,SUPERDRUG,8049,Healthcare,synthetic
CARD PAYMENT HMRC PAYMENT,71.64,GBP,debit,CARD,DVLA,9399,Taxes,synthetic
FOREIGN TRANSACTION FEE,12.17,GBP,debit,DD,LLOYDS,6051,Fees,synthetic
APPLE PAY OCADO REF 35176902,116.86,GBP,debit,APPLE_PAY,OCADO,5411,Groceries,synthetic
APPLE PAY ICELAND ,91.43,GBP,debit,APPLE_PAY,ICELAND,5411,Groceries,synthetic
CARD PAYMENT NHS  09 JAN,19.61,GBP,debit,CARD,NHS,8011,Healthcare,synthetic
CARD NETFLIX.COM ,30.20,GBP,debit,CARD,NETFLIX.COM,4899,Subscriptions,synthetic
PAYPAL OXFAM,98.91,GBP,debit,PAYPAL,OXFAM,8398,Charity,synthetic
PAYPAL ARRIVA REF 28432040,38.63,GBP,debit,PAYPAL,ARRIVA,4121,Transport,synthetic
TRANSFER TO EASY ACCESS SAVER REF 35229926,2690.98,GBP,credit,TFR,,,Transfers,synthetic
FASTER PAYMENT FROM CURRENT ACCOUNT 22JAN REF 60879957,1622.36,GBP,credit,FPS,,,Transfers,synthetic
SQ COSTA 21902 03APR,4.80,GBP,debit,SQUARE,COSTA,5812,Coffee Shops,synthetic
CARD SEE TICKETS,9.25,GBP,debit,CARD,SEE TICKETS,7999,Entertainment,synthetic
APPLE PAY SPOTIFY REF 25872957,14.59,GBP,debit,APPLE_PAY,SPOTIFY,5968,Subscriptions,synthetic
POS OPTICIANS LONDON 43203,70.20,GBP,debit,POS,OPTICIANS,8049,Healthcare,synthetic
SO MONTHLY RENT,1373.26,GBP,debit,SO,MONTHLY RENT,6513,Rent/Mortgage,synthetic
PAYPAL AMAZON LONDON 20241018,211.49,GBP,debit,PAYPAL,AMAZON,5311,Shopping,synthetic
PAYPAL TRANSPORT FOR LONDON LEEDS,66.73,GBP,debit,PAYPAL,TRANSPORT FOR LONDON,4131,Transport,synthetic
STANDING ORDER HASTINGS,170.64,GBP,debit,SO,HASTINGS,6300,Insurance,synthetic
PAYPAL ODEON 41915,90.97,GBP,debit,PAYPAL,ODEON,7922,Entertainment,synthetic
ACCOUNT FEE ,13.60,GBP,debit,DD,,6051,Fees,synthetic
BACS JANE DOE 12-34-56 87654321 RENT AUGUST,1731.08,GBP,debit,BACS,MONTHLY RENT,6513,Rent/Mortgage,synthetic
APPLE PAY NOW TV,5.61,GBP,debit,APPLE_PAY,NOW TV,4899,Subscriptions,synthetic
CARD RNLI REF 42474554,55.89,GBP,debit,CARD,RNLI,8398,Charity,synthetic
POS SAINSBURY'S 52587 17/02/2026,62.66,GBP,debit,POS,SAINSBURY'S,5300,Groceries,synthetic
POS NEXT  26NOV,233.04,GBP,debit,POS,NEXT,5310,Shopping,synthetic
DD KINGS COLLEGE LONDON REF 64367319.,359.40,GBP,debit,DD,KINGS COLLEGE LONDON,8299,Education,synthetic
FASTER PAYMENT TO SAVINGS,3901.56,GBP,credit,FPS,,,Transfers,synthetic
APPLE PAY SAINSBURY'S BIRMINGHAM,102.13,GBP,debit,APPLE_PAY,SAINSBURY'S,5411,Groceries,synthetic
PAYPAL BRITISH HEART FOUNDATION LONDON 20240818,60.67,GBP,debit,PAYPAL,BRITISH HEART FOUNDATION,8398,Charity,synthetic
CARD WWF REF 63569894.,91.10,GBP,debit,CARD,WWF,8398,Charity,synthetic
CARD PAYMENT CAFE LOCAL LONDON 04/05/2025,4.34,GBP,debit,CARD,CAFE LOCAL,5814,Coffee Shops,synthetic
POS NINTENDO ESHOP.,129.14,GBP,debit,POS,NINTENDO ESHOP,7922,Entertainment,synthetic
POS IKEA  20241113,135.07,GBP,debit,POS,IKEA,5399,Shopping,synthetic
PAYPAL JOHN LEWIS LONDON 2977,10.56,GBP,debit,PAYPAL,JOHN LEWIS,5691,Shopping,synthetic
CARD PAYMENT COSTA COFFEE 83209 13 JAN,4.69,GBP,debit,CARD,COSTA COFFEE,5814,Coffee Shops,synthetic
DIRECT DEBIT OCTOPUS ENERGY,16.59,GBP,debit,DD,OCTOPUS ENERGY,4814,Utilities,synthetic
FPS HMRC PAYMENT,177.76,GBP,debit,FPS,HM REVENUE & CUSTOMS,9211,Taxes,synthetic
POS STAGECOACH,34.18,GBP,debit,POS,STAGECOACH,4111,Transport,synthetic
APPLE PAY SPOTIFY REF 46359866,29.52,GBP,debit,APPLE_PAY,SPOTIFY,4899,Subscriptions,synthetic
POS SAINSBURY'S BIRMINGHAM 91021,79.95,GBP,debit,POS,SAINSBURY'S,5411,Groceries,synthetic
BACS SALARY ACME LIMITED,5039.36,GBP,credit,BACS,ACME LIMITED,,Salary,synthetic
VISA NEXT  20250507,100.90,GBP,debit,CARD,NEXT,5311,Shopping,synthetic
CARD PAYMENT OXFAM 93406,15.95,GBP,debit,CARD,OXFAM,8398,Charity,synthetic
POS NHS PRESCRIPTION ,62.41,GBP,debit,POS,NHS PRESCRIPTION,5912,Healthcare,synthetic
ATM LINK ATM LEEDS 15 OCT,384.18,GBP,debit,ATM,LINK ATM,6010,Cash Withdrawal,synthetic
CARD PAYMENT BHF.,41.95,GBP,debit,CARD,BHF,8398,Charity,synthetic
CARD PRET A MANGER 49283,14.34,GBP,debit,CARD,PRET A MANGER,5812,Coffee Shops,synthetic
FASTER PAYMENT MONTHLY SALARY GLOBEX CORP,3060.95,GBP,credit,FPS,GLOBEX CORP,,Salary,synthetic
PAYPAL XBOX MANCHESTER,49.33,GBP,debit,PAYPAL,XBOX,7832,Entertainment,synthetic
PAYPAL NATIONAL RAIL  15/03/2026,46.25,GBP,debit,PAYPAL,NATIONAL RAIL,4131,Transport,synthetic
VISA MARKS & SPENCER REF 98870276,45.33,GBP,debit,CARD,MARKS & SPENCER,5300,Groceries,synthetic
CARD GETT LEEDS 20230904,25.23,GBP,debit,CARD,GETT,4121,Transport,synthetic
POS SUPERDRUG 55232,102.73,GBP,debit,POS,SUPERDRUG,8021,Healthcare,synthetic
BACS INCOME TAX PAYMENT,471.69,GBP,debit,BACS,,9211,Taxes,synthetic
SQ TIM HORTONS,13.11,GBP,debit,SQUARE,TIM HORTONS,5812,Coffee Shops,synthetic
FOREIGN TRANSACTION FEE,8.06,GBP,debit,SO,,6012,Fees,synthetic
DD SCHOOL FEES  11684,472.63,GBP,debit,DD,SCHOOL FEES,8220,Education,synthetic
CASH WITHDRAWAL ATM 3216 20251002,319.24,GBP,debit,ATM,ATM,6010,Cash Withdrawal,synthetic
VISA TRAVELODGE GATWICK 93974,114.03,GBP,debit,CARD,TRAVELODGE,4411,Travel,synthetic
CARD PAYMENT UDEMY,490.73,GBP,debit,CARD,UDEMY,8220,Education,synthetic
DIRECT DEBIT HALIFAX MORTGAGE 01MAR.,1406.55,GBP,debit,DD,HALIFAX MORTGAGE,6513,Rent/Mortgage,synthetic
CASH WITHDRAWAL CASH MACHINE MANCHESTER 06 JUL,216.34,GBP,debit,ATM,CASH MACHINE,6010,Cash Withdrawal,synthetic
VISA RYANAIR  20260128,718.50,GBP,debit,CARD,RYANAIR,4722,Travel,synthetic
CARD PAYMENT TUI LONDON,288.15,GBP,debit,CARD,TUI,4411,Travel,synthetic
DIRECT DEBIT SCOTTISH POWER,283.09,GBP,debit,DD,SCOTTISH POWER,4899,Utilities,synthetic
PAYPAL SCHOOL FEES.,409.16,GBP,debit,PAYPAL,SCHOOL FEES,8220,Education,synthetic
CARD PAYMENT COURSERA LONDON 48287,489.33,GBP,debit,CARD,COURSERA,8220,Education,synthetic
APPLE PAY BLACK CAB REF 21762188,9.51,GBP,debit,APPLE_PAY,BLACK CAB,4121,Transport,synthetic
DD SUPERDRUG REF 39361875,144.75,GBP,debit,DD,SUPERDRUG,8011,Healthcare,synthetic
FPS TO SAVINGS,2638.50,GBP,credit,FPS,,,Transfers,synthetic
CASH WITHDRAWAL LINK ATM REF 93274386,480.39,GBP,debit,ATM,LINK ATM,6011,Cash Withdrawal,synthetic
TFR TO SAVINGS ACCOUNT,2743.18,GBP,credit,TFR,,,Transfers,synthetic
OVERDRAFT INTEREST CHARGE,2.54,GBP,debit,DD,,6051,Fees,synthetic
POS JD SPORTS 92909,250.39,GBP,debit,POS,JD SPORTS,5691,Shopping,synthetic
TFR TO SAVINGS ACCOUNT,2810.83,GBP,credit,TFR,,,Transfers,synthetic
CARD ROYAL MAIL ,99.98,GBP,debit,CARD,ROYAL MAIL,5999,Other,synthetic
SO LV=  2527,311.06,GBP,debit,SO,LV=,5960,Insurance,synthetic
FPS INCOME TAX PAYMENT,285.89,GBP,debit,FPS,DVLA,9399,Taxes,synthetic
POS DENTAL *,88.22,GBP,debit,POS,DENTAL,8011,Healthcare,synthetic
POS TICKETMASTER LONDON 34094,10.92,GBP,debit,POS,TICKETMASTER,7832,Entertainment,synthetic
DD BUPA  61923,22.95,GBP,debit,DD,BUPA,8011,Healthcare,synthetic
DD COURSERA ,47.75,GBP,debit,DD,COURSERA,8299,Education,synthetic
FASTER PAYMENT PRIME HIRE LTD PAYROLL REF 98234692,1212.55,GBP,credit,FPS,PRIME HIRE LTD,,Salary,synthetic
BACS COUNCIL TAX,108.83,GBP,debit,BACS,DVLA,9399,Taxes,synthetic
CARD APPLE MUSIC 26MAY.,19.57,GBP,debit,CARD,APPLE MUSIC,5734,Subscriptions,synthetic
POS H&M 59845,121.14,GBP,debit,POS,H&M,5399,Shopping,synthetic
LATE PAYMENT FEE,20.12,GBP,debit,SO,LLOYDS,6012,Fees,synthetic
VISA BRITISH AIRWAYS,744.35,GBP,debit,CARD,BRITISH AIRWAYS,4722,Travel,synthetic
TRANSFER TO ISA REF 61981352,3738.57,GBP,credit,TFR,,,Transfers,synthetic
CASH WITHDRAWAL LINK ATM MANCHESTER 22932.,488.78,GBP,debit,ATM,LINK ATM,6011,Cash Withdrawal,synthetic
APPLE PAY SAINSBURYS 74020 //,70.37,GBP,debit,APPLE_PAY,SAINSBURYS,5499,Groceries,synthetic
BACS SAM WILSON 11-22-33 44556677 RENT JUNE,1292.82,GBP,debit,BACS,L&Q,6513,Rent/Mortgage,synthetic
POS BOOTS PHARMACY 58956,58.95,GBP,debit,POS,BOOTS PHARMACY,8011,Healthcare,synthetic
MASTERCARD JET BIRMINGHAM 20260203.,64.30,GBP,debit,CARD,JET,5172,Fuel,synthetic
CARD BETFRED,110.45,GBP,debit,CARD,BETFRED,7832,Entertainment,synthetic
FPS LANDLORD,1123.31,GBP,debit,FPS,LANDLORD,6513,Rent/Mortgage,synthetic
CARD POST OFFICE REF 91507383,50.18,GBP,debit,CARD,POST OFFICE,5999,Other,synthetic
DD CITY LIT REF 34132613,82.28,GBP,debit,DD,CITY LIT,8220,Education,synthetic
STANDING ORDER SSE REF 28080062,42.16,GBP,debit,SO,SSE,4899,Utilities,synthetic
PAYPAL UBER 47126 09/06/2024,42.57,GBP,debit,PAYPAL,UBER,4121,Transport,synthetic
DD SCHOOL FEES 70830 20260725,348.56,GBP,debit,DD,SCHOOL FEES,8299,Education,synthetic
CARD TRAVELODGE 63295,783.04,GBP,debit,CARD,TRAVELODGE,4722,Travel,synthetic
FPS MONTHLY SALARY ACME LIMITED,2552.59,GBP,credit,FPS,ACME LIMITED,,Salary,synthetic
BACS PASSPORT OFFICE 15161 21 JUN,168.08,GBP,debit,BACS,PASSPORT OFFICE,7299,Other,synthetic
BACS JOHN SMITH 20-45-67 12345678 RENT SEPTEMBER,1306.39,GBP,debit,BACS,MONTHLY RENT,6513,Rent/Mortgage,synthetic
POS BOOTS MANCHESTER 43535,105.49,GBP,debit,POS,BOOTS,8021,Healthcare,synthetic
FPS TO SAVINGS,4659.34,GBP,credit,FPS,,,Transfers,synthetic
MONTHLY ACCOUNT FEE,25.19,GBP,debit,DD,HSBC,6051,Fees,synthetic
VISA SUBWAY REF 72546007 *,32.21,GBP,debit,CARD,SUBWAY,5814,Dining,synthetic
CARD PAYMENT CAFE LOCAL OXFORD,12.93,GBP,debit,CARD,CAFE LOCAL,5812,Coffee Shops,synthetic
FPS TO SAVINGS,1937.52,GBP,credit,FPS,,,Transfers,synthetic
MASTERCARD EASYJET REF 78680335,875.92,GBP,debit,CARD,EASYJET,4722,Travel,synthetic
TRANSFER TO EASY ACCESS SAVER REF 63451271,1995.50,GBP,credit,TFR,,,Transfers,synthetic
MONTHLY ACCOUNT FEE,18.59,GBP,debit,SO,NATIONWIDE,6051,Fees,synthetic
STANDING ORDER HOUSING ASSOCIATION 59470,2082.16,GBP,debit,SO,HOUSING ASSOCIATION,6513,Rent/Mortgage,synthetic
ACCOUNT FEE HALIFAX,34.55,GBP,debit,SO,HALIFAX,6012,Fees,synthetic
CARD MURCO BIRMINGHAM,108.80,GBP,debit,CARD,MURCO,5542,Fuel,synthetic
CARD PAYMENT TRAVELODGE,813.28,GBP,debit,CARD,TRAVELODGE,4511,Travel,synthetic
SO ADMIRAL 74595 20 AUG,267.64,GBP,debit,SO,ADMIRAL,6300,Insurance,synthetic
MASTERCARD RYANAIR *,82.55,GBP,debit,CARD,RYANAIR,4411,Travel,synthetic
VISA VUE CINEMA  13MAR,117.80,GBP,debit,CARD,VUE CINEMA,7832,Entertainment,synthetic
BACS DVLA VEHICLE TAX,207.48,GBP,debit,BACS,COUNCIL TAX,9399,Taxes,synthetic
FPS SELF ASSESSMENT TAX,185.21,GBP,debit,FPS,DVLA,9211,Taxes,synthetic
BACS DENTIST REF 35783955,74.41,GBP,debit,BACS,DENTIST,8049,Healthcare,synthetic
BACS NHS  09/08/2026,135.35,GBP,debit,BACS,NHS,5912,Healthcare,synthetic
BACS BOOTS PHARMACY 9065,30.82,GBP,debit,BACS,BOOTS PHARMACY,8011,Healthcare,synthetic
POS MCDONALDS LONDON 59370,18.72,GBP,debit,POS,MCDONALDS,5812,Dining,synthetic
PAYPAL GETT 61583 20230522,57.79,GBP,debit,PAYPAL,GETT,4121,Transport,synthetic
ACCOUNT FEE HSBC,13.12,GBP,debit,DD,HSBC,6012,Fees,synthetic
CARD PAYMENT GOOGLE STORAGE  65303,34.27,GBP,debit,CARD,GOOGLE STORAGE,5968,Subscriptions,synthetic
BACS PEABODY 95062,809.47,GBP,debit,BACS,PEABODY,6513,Rent/Mortgage,synthetic
APPLE PAY LIDL LONDON 06 MAY.,84.87,GBP,debit,APPLE_PAY,LIDL,5499,Groceries,synthetic
CASH WITHDRAWAL LINK ATM REF 51256541,240.74,GBP,debit,ATM,LINK ATM,6010,Cash Withdrawal,synthetic
ACCOUNT FEE NATIONWIDE,47.93,GBP,debit,DD,NATIONWIDE,6012,Fees,synthetic
FPS DVLA VEHICLE TAX,89.29,GBP,debit,FPS,,9211,Taxes,synthetic
DIRECT DEBIT SANTANDER MORTGAGE,1838.67,GBP,debit,DD,SANTANDER MORTGAGE,9399,Rent/Mortgage,synthetic
FPS MONTHLY SALARY INNOTECH LTD,1409.67,GBP,credit,FPS,INNOTECH LTD,,Salary,synthetic
APPLE PAY WAITROSE LEEDS 32046,42.77,GBP,debit,APPLE_PAY,WAITROSE,5499,Groceries,synthetic
MASTERCARD DOMINO'S 966 18/09/2026,74.11,GBP,debit,CARD,DOMINO'S,5814,Dining,synthetic
CARD ZARA 25643 11/07/2025,13.97,GBP,debit,CARD,ZARA,5399,Shopping,synthetic
STANDING ORDER VITALITY REF 61823655,52.86,GBP,debit,SO,VITALITY,5960,Insurance,synthetic
SO HASTINGS 9849,300.13,GBP,debit,SO,HASTINGS,5960,Insurance,synthetic
FASTER PAYMENT INNOTECH LTD SALARY,3813.46,GBP,credit,FPS,INNOTECH LTD,,Salary,synthetic
BACS THAMES WATER REF 76189546,167.47,GBP,debit,BACS,THAMES WATER,4899,Utilities,synthetic
CARD PAYMENT COURSERA LONDON 04/04/2025,380.86,GBP,debit,CARD,COURSERA,8299,Education,synthetic
BACS INCOME TAX PAYMENT,457.38,GBP,debit,BACS,HMRC,9399,Taxes,synthetic
BACS CITY LIT,35.53,GBP,debit,BACS,CITY LIT,8299,Education,synthetic
POS H&M LONDON 20261214,143.76,GBP,debit,POS,H&M,5311,Shopping,synthetic
POS DRY CLEANERS 4869,129.24,GBP,debit,POS,DRY CLEANERS,5999,Other,synthetic
CARD NANDOS GLASGOW 95498,26.39,GBP,debit,CARD,NANDOS,5812,Dining,synthetic
BACS UNIVERSITY NEWCASTLE 09 MAY,446.94,GBP,debit,BACS,UNIVERSITY,8220,Education,synthetic
DIRECT DEBIT PRUDENTIAL  59226,355.17,GBP,debit,DD,PRUDENTIAL,6300,Insurance,synthetic
VISA SHELL MANCHESTER 58371,127.81,GBP,debit,CARD,SHELL,5541,Fuel,synthetic
FASTER PAYMENT FROM CURRENT ACCOUNT 28 JUN,1251.21,GBP,credit,FPS,,,Transfers,synthetic
FPS TO SAVINGS 06/12/2025,4414.70,GBP,credit,FPS,,,Transfers,synthetic
CARD MURCO BIRMINGHAM 06JUN,34.21,GBP,debit,CARD,MURCO,5541,Fuel,synthetic
CARD AGE UK 15996 18/07/2023,81.83,GBP,debit,CARD,AGE UK,8398,Charity,synthetic
SQ COSTA LONDON 27/10/2026,9.31,GBP,debit,SQUARE,COSTA,5812,Coffee Shops,synthetic
GOOGLE PAY TESCO STORES LEEDS 89639,82.28,GBP,debit,GOOGLE_PAY,TESCO STORES,5499,Groceries,synthetic
CASH WITHDRAWAL LINK ATM 51889 13/12/2024,492.61,GBP,debit,ATM,LINK ATM,6010,Cash Withdrawal,synthetic
BACS CHRIS EVANS 33-44-55 99887766 RENT OCTOBER,1482.70,GBP,debit,BACS,HOUSING ASSOCIATION,6513,Rent/Mortgage,synthetic
DD VITALITY 19NOV.,101.94,GBP,debit,DD,VITALITY,5960,Insurance,synthetic
MASTERCARD NANDOS REF 79616482,58.03,GBP,debit,CARD,NANDOS,5814,Dining,synthetic
BACS PRUDENTIAL 25AUG //,136.66,GBP,debit,BACS,PRUDENTIAL,5960,Insurance,synthetic
POS ROYAL MAIL 82900,57.78,GBP,debit,POS,ROYAL MAIL,7299,Other,synthetic
CASH WITHDRAWAL LINK ATM 74554 20231209,236.41,GBP,debit,ATM,LINK ATM,6011,Cash Withdrawal,synthetic
DD BOOTS 47729 20240118 //,136.00,GBP,debit,DD,BOOTS,5912,Healthcare,synthetic
POS CURRY'S,135.91,GBP,debit,POS,CURRY'S,5399,Shopping,synthetic
GOOGLE PAY COOP 42337,75.45,GBP,debit,GOOGLE_PAY,COOP,5300,Groceries,synthetic
FASTER PAYMENT MONTHLY SALARY GLOBEX CORP,2435.52,GBP,credit,FPS,GLOBEX CORP,,Salary,synthetic
CARD JET2 LONDON.,56.01,GBP,debit,CARD,JET2,4722,Travel,synthetic
CARD PAYMENT RNLI 50434,62.27,GBP,debit,CARD,RNLI,8398,Charity,synthetic
POS GOV.UK,128.60,GBP,debit,POS,GOV.UK,5999,Other,synthetic
SO NATIONWIDE MORTGAGE REF 18479821 *,2149.99,GBP,debit,SO,NATIONWIDE MORTGAGE,9399,Rent/Mortgage,synthetic
TFR TO JOINT ACCOUNT 19 APR REF 94748723,3520.26,GBP,credit,TFR,,,Transfers,synthetic
CARD MORRISONS.,98.18,GBP,debit,CARD,MORRISONS,5499,Groceries,synthetic
BACS HAIRDRESSERS LONDON,14.80,GBP,debit,BACS,HAIRDRESSERS,7299,Other,synthetic
PAYPAL STAGECOACH 61470,78.17,GBP,debit,PAYPAL,STAGECOACH,4111,Transport,synthetic
STANDING ORDER MORE THAN REF 59715122,306.73,GBP,debit,SO,MORE THAN,6300,Insurance,synthetic
CASH WITHDRAWAL FEE,34.06,GBP,debit,SO,,6051,Fees,synthetic
MASTERCARD EASYJET,663.94,GBP,debit,CARD,EASYJET,4722,Travel,synthetic
STRIPE JD SPORTS 50513,240.07,GBP,debit,STRIPE,JD SPORTS,5399,Shopping,synthetic
CARD NSPCC REF 84803602,10.15,GBP,debit,CARD,NSPCC,8398,Charity,synthetic
VISA ICELAND,38.23,GBP,debit,CARD,ICELAND,5411,Groceries,synthetic
SO UNITED UTILITIES PAYMENT,270.24,GBP,debit,SO,UNITED UTILITIES,4814,Utilities,synthetic
MONTHLY ACCOUNT FEE,1.10,GBP,debit,DD,,6051,Fees,synthetic
TRANSFER TO EASY ACCESS SAVER,1831.26,GBP,credit,TFR,,,Transfers,synthetic
POS DRY CLEANERS,140.82,GBP,debit,POS,DRY CLEANERS,7299,Other,synthetic
CARD SEE TICKETS  77019,103.68,GBP,debit,CARD,SEE TICKETS,7832,Entertainment,synthetic
DD COUNCIL TAX,399.67,GBP,debit,DD,HMRC,9399,Taxes,synthetic
DD PRUDENTIAL  10 MAY,255.32,GBP,debit,DD,PRUDENTIAL,5960,Insurance,synthetic
CARD DRY CLEANERS ,80.55,GBP,debit,CARD,DRY CLEANERS,7299,Other,synthetic
VISA MURCO 27163 16 MAR,95.33,GBP,debit,CARD,MURCO,5172,Fuel,synthetic
PACKAGED ACCOUNT FEE,12.68,GBP,debit,SO,HSBC,6051,Fees,synthetic
CARD UBER 10878,68.44,GBP,debit,CARD,UBER,4131,Transport,synthetic
DIRECT DEBIT LV= 62249 01 JUL.,30.56,GBP,debit,DD,LV=,6300,Insurance,synthetic
CARD PAYMENT BOLT LEEDS,62.58,GBP,debit,CARD,BOLT,4789,Transport,synthetic
GOOGLE PAY ASDA BRISTOL,56.50,GBP,debit,GOOGLE_PAY,ASDA,5499,Groceries,synthetic
POS ODEON REF 28849582 *,19.75,GBP,debit,POS,ODEON,7922,Entertainment,synthetic
CARD PAYMENT DRY CLEANERS,103.40,GBP,debit,CARD,DRY CLEANERS,5999,Other,synthetic
TRANSFER TO SAVINGS,2625.66,GBP,credit,TFR,,,Transfers,synthetic
CARD VUE 85754,48.26,GBP,debit,CARD,VUE,7922,Entertainment,synthetic
POS ZIZZI  77392,56.70,GBP,debit,POS,ZIZZI,5812,Dining,synthetic
CARD PAYMENT HAIRDRESSERS REF 10210037,87.59,GBP,debit,CARD,HAIRDRESSERS,7299,Other,synthetic
CARD EXPEDIA REF 85650313,330.28,GBP,debit,CARD,EXPEDIA,4722,Travel,synthetic
DD HMRC PAYMENT,63.06,GBP,debit,DD,,9399,Taxes,synthetic
BACS CHURCHILL REF 86249067.,199.18,GBP,debit,BACS,CHURCHILL,6300,Insurance,synthetic
POS ICELAND 9806 15/03/2026,102.61,GBP,debit,POS,ICELAND,5499,Groceries,synthetic
CARD PAYMENT HM REVENUE & CUSTOMS,229.63,GBP,debit,CARD,,9399,Taxes,synthetic
CARD PAYMENT BRITISH HEART FOUNDATION ,45.46,GBP,debit,CARD,BRITISH HEART FOUNDATION,8398,Charity,synthetic
DD OPEN UNIVERSITY 11958 20230912,31.50,GBP,debit,DD,OPEN UNIVERSITY,8299,Education,synthetic
CARD PAYMENT OPEN UNIVERSITY *,430.50,GBP,debit,CARD,OPEN UNIVERSITY,8220,Education,synthetic
FASTER PAYMENT TO SAVINGS,405.95,GBP,credit,FPS,,,Transfers,sandbox
CARD JET 78679 22MAR,73.79,GBP,debit,CARD,JET,5172,Fuel,synthetic
FASTER PAYMENT MONTHLY SALARY BLUEFIN SOLUTIONS,5288.34,GBP,credit,FPS,BLUEFIN SOLUTIONS,,Salary,synthetic
LINK ATM ATM MANCHESTER 01/01/2024,209.22,GBP,debit,ATM,ATM,6010,Cash Withdrawal,synthetic
FASTER PAYMENT FROM CURRENT ACCOUNT,3168.63,GBP,credit,FPS,,,Transfers,synthetic
CARD SAINSBURYS PETROL MANCHESTER 3339,30.83,GBP,debit,CARD,SAINSBURYS PETROL,5541,Fuel,synthetic
CARD ASDA PETROL,20.17,GBP,debit,CARD,ASDA PETROL,5542,Fuel,synthetic
STANDING ORDER MONTHLY RENT 92842 18/02/2024 *,2259.51,GBP,debit,SO,MONTHLY RENT,6513,Rent/Mortgage,synthetic
BACS DVLA VEHICLE TAX,112.09,GBP,debit,BACS,COUNCIL TAX,9211,Taxes,synthetic
VISA PLAYSTATION NETWORK REF 45799340 //,7.92,GBP,debit,CARD,PLAYSTATION NETWORK,7832,Entertainment,synthetic
CARD TEXACO LONDON,89.18,GBP,debit,CARD,TEXACO,5172,Fuel,synthetic
TFR TO JOINT ACCOUNT REF 91515784,3039.68,GBP,credit,TFR,,,Transfers,synthetic
DIRECT DEBIT LV ,33.93,GBP,debit,DD,LV,6300,Insurance,synthetic
CARD SPOTIFY 32204 20230424,17.15,GBP,debit,CARD,SPOTIFY,5968,Subscriptions,synthetic
APPLE PAY TIM HORTONS 21500,8.07,GBP,debit,APPLE_PAY,TIM HORTONS,5812,Coffee Shops,synthetic
TRANSFER TO ISA 18/08/2026,4426.39,GBP,credit,TFR,,,Transfers,synthetic
CARD PAYMENT CITY LIT 37157 20251016,379.31,GBP,debit,CARD,CITY LIT,8299,Education,synthetic
POS DOMINO'S,38.60,GBP,debit,POS,DOMINO'S,5814,Dining,synthetic
CARD PAYMENT UNIVERSITY LONDON 64423,44.88,GBP,debit,CARD,UNIVERSITY,8220,Education,synthetic
BACS NORTHWIND SERVICES PAYROLL,1445.37,GBP,credit,BACS,NORTHWIND SERVICES,,Salary,synthetic
CARD PAYMENT WWF 62107,6.39,GBP,debit,CARD,WWF,8398,Charity,synthetic
POS TEXACO,33.71,GBP,debit,POS,TEXACO,5542,Fuel,synthetic
DD BARCLAYS MORTGAGE 47458 08/12/2026,835.00,GBP,debit,DD,BARCLAYS MORTGAGE,9399,Rent/Mortgage,synthetic
FASTER PAYMENT ACME LTD PAYROLL REF 28781196,3498.89,GBP,credit,FPS,ACME LTD,,Salary,synthetic
PAYPAL IKEA,244.18,GBP,debit,PAYPAL,IKEA,5691,Shopping,synthetic
CARD PAYMENT JD SPORTS MANCHESTER,25.50,GBP,debit,CARD,JD SPORTS,5399,Shopping,synthetic
VISA WAGAMAMA LONDON 17599,34.08,GBP,debit,CARD,WAGAMAMA,5814,Dining,sandbox
BACS COUNCIL TAX,262.23,GBP,debit,BACS,COUNCIL TAX,9211,Taxes,synthetic
POS TEXACO MANCHESTER,39.99,GBP,debit,POS,TEXACO,5541,Fuel,synthetic
VISA BOOKING.COM  80437,61.46,GBP,debit,CARD,BOOKING.COM,4411,Travel,synthetic
POS DRY CLEANERS ,147.27,GBP,debit,POS,DRY CLEANERS,7299,Other,synthetic
POS ESSO 65727,27.84,GBP,debit,POS,ESSO,5172,Fuel,synthetic
CARD VUE CINEMA MANCHESTER 42634,119.19,GBP,debit,CARD,VUE CINEMA,7832,Entertainment,synthetic
CARD WWF LONDON 20250701,14.17,GBP,debit,CARD,WWF,8398,Charity,synthetic
CARD PAYMENT ETSY  10MAY,80.70,GBP,debit,CARD,ETSY,5399,Shopping,synthetic
OVERDRAFT FEE,28.94,GBP,debit,DD,HALIFAX,6051,Fees,sandbox
FASTER PAYMENT ACME LIMITED PAYROLL,1872.03,GBP,credit,FPS,ACME LIMITED,,Salary,synthetic
BACS MONTHLY SALARY INNOTECH LTD,1654.39,GBP,credit,BACS,INNOTECH LTD,,Salary,synthetic
CARD TIM HORTONS 45725 09MAR //,7.09,GBP,debit,CARD,TIM HORTONS,5812,Coffee Shops,synthetic
CARD PAYMENT MCDONALD'S CARDIFF,22.56,GBP,debit,CARD,MCDONALD'S,5814,Dining,synthetic
CARD EUROSTAR REF 75656627,226.46,GBP,debit,CARD,EUROSTAR,4511,Travel,synthetic
DD CANCER RESEARCH UK,63.89,GBP,debit,DD,CANCER RESEARCH UK,8398,Charity,synthetic
DIRECT DEBIT EDF ENERGY PAYMENT,282.06,GBP,debit,DD,EDF ENERGY,4899,Utilities,synthetic
CARD RNLI LONDON 94052.,75.02,GBP,debit,CARD,RNLI,8398,Charity,synthetic
SO EDF ENERGY REF 92110921,241.78,GBP,debit,SO,EDF ENERGY,4814,Utilities,synthetic
SQ CAFE LOCAL,12.46,GBP,debit,SQUARE,CAFE LOCAL,5814,Coffee Shops,synthetic
BACS CHRIS EVANS 33-44-55 99887766 RENT OCTOBER,619.46,GBP,debit,BACS,MONTHLY RENT,9399,Rent/Mortgage,synthetic
VISA BLACK SHEEP COFFEE 37577,15.78,GBP,debit,CARD,BLACK SHEEP COFFEE,5814,Coffee Shops,synthetic
FPS PEABODY  18/12/2025,1953.80,GBP,debit,FPS,PEABODY,6513,Rent/Mortgage,synthetic
BACS POST OFFICE 47887 12 JUN,174.58,GBP,debit,BACS,POST OFFICE,5999,Other,synthetic
BACS PRIME HIRE LTD PAYROLL,4507.81,GBP,credit,BACS,PRIME HIRE LTD,,Salary,synthetic
CARD PAYMENT NOW TV 64468 20230708,5.15,GBP,debit,CARD,NOW TV,5968,Subscriptions,synthetic
TRANSFER TO ISA 20230716 REF 82856005,2881.66,GBP,credit,TFR,,,Transfers,synthetic
CARD PAYMENT BRITISH AIRWAYS,328.56,GBP,debit,CARD,BRITISH AIRWAYS,4722,Travel,synthetic
CARD BRITISH HEART FOUNDATION,78.18,GBP,debit,CARD,BRITISH HEART FOUNDATION,8398,Charity,synthetic
CARD COOP 54596,102.85,GBP,debit,CARD,COOP,5499,Groceries,synthetic
SQ BLACK SHEEP COFFEE 31604 20251011,14.14,GBP,debit,SQUARE,BLACK SHEEP COFFEE,5814,Coffee Shops,synthetic
SQ COSTA REF 51996390 *,5.06,GBP,debit,SQUARE,COSTA,5814,Coffee Shops,synthetic
VISA APPLE MUSIC 45206 20SEP,18.29,GBP,debit,CARD,APPLE MUSIC,5734,Subscriptions,synthetic
BACS HM REVENUE & CUSTOMS,131.64,GBP,debit,BACS,HM REVENUE & CUSTOMS,9399,Taxes,synthetic
STANDING ORDER PRUDENTIAL REF 18214653,160.81,GBP,debit,SO,PRUDENTIAL,5960,Insurance,synthetic
BACS BT GROUP REF 34922740,61.86,GBP,debit,BACS,BT GROUP,4899,Utilities,synthetic
APPLE PAY TRAINLINE 88772,18.94,GBP,debit,APPLE_PAY,TRAINLINE,4131,Transport,synthetic
CARD PAYMENT GREGGS CAMBRIDGE,11.59,GBP,debit,CARD,GREGGS,5812,Coffee Shops,synthetic
BACS SAM WILSON 11-22-33 44556677 RENT JUNE,1082.50,GBP,debit,BACS,MONTHLY RENT,6513,Rent/Mortgage,synthetic
CASH WITHDRAWAL ATM REF 24203908,351.01,GBP,debit,ATM,ATM,6010,Cash Withdrawal,synthetic
PAYPAL CANCER RESEARCH UK 65995 12JUN,11.16,GBP,debit,PAYPAL,CANCER RESEARCH UK,8398,Charity,synthetic
CARD SUPERDRUG  58465,87.60,GBP,debit,CARD,SUPERDRUG,8049,Healthcare,synthetic
STANDING ORDER ADMIRAL 18867 20240725,290.70,GBP,debit,SO,ADMIRAL,5960,Insurance,synthetic
ATM ATM 43107,11.82,GBP,debit,ATM,ATM,6010,Cash Withdrawal,synthetic
STANDING ORDER VITALITY 56018 20260204,142.02,GBP,debit,SO,VITALITY,6300,Insurance,synthetic
SO LEGAL & GENERAL,354.14,GBP,debit,SO,LEGAL & GENERAL,6300,Insurance,synthetic
CARD ICELAND,38.86,GBP,debit,CARD,ICELAND,5499,Groceries,synthetic
BACS SAM WILSON 11-22-33 44556677 RENT JUNE,2094.69,GBP,debit,BACS,CLARION HOUSING,9399,Rent/Mortgage,synthetic
DIRECT DEBIT VIRGIN MEDIA PAYMENT,131.18,GBP,debit,DD,VIRGIN MEDIA,4812,Utilities,synthetic
FPS ACME LIMITED PAYROLL,2194.60,GBP,credit,FPS,ACME LIMITED,,Salary,synthetic
DD EE PAYMENT,193.08,GBP,debit,DD,EE,4814,Utilities,synthetic
STANDING ORDER LV 19124,232.88,GBP,debit,SO,LV,5960,Insurance,synthetic
CARD JET2 9722,217.55,GBP,debit,CARD,JET2,4511,Travel,synthetic
CARD PAYMENT INCOME TAX PAYMENT,372.99,GBP,debit,CARD,DVLA,9211,Taxes,synthetic
SO THAMES WATER PAYMENT,145.30,GBP,debit,SO,THAMES WATER,4900,Utilities,synthetic
SQ PRET A MANGER REF 13834774,11.02,GBP,debit,SQUARE,PRET A MANGER,5812,Coffee Shops,synthetic
VISA GOOGLE ONE,25.60,GBP,debit,CARD,GOOGLE ONE,5734,Subscriptions,synthetic
APPLE PAY AMAZON PRIME REF 39601248,16.10,GBP,debit,APPLE_PAY,AMAZON PRIME,4899,Subscriptions,synthetic
BACS HMRC PAYMENT,349.63,GBP,debit,BACS,COUNCIL TAX,9211,Taxes,synthetic
CARD PAYMENT ASDA 59529 21/06/2024,88.31,GBP,debit,CARD,ASDA,5300,Groceries,synthetic
DD NHS PRESCRIPTION,50.48,GBP,debit,DD,NHS PRESCRIPTION,5912,Healthcare,synthetic
LATE PAYMENT FEE,26.91,GBP,debit,DD,,6012,Fees,synthetic
BACS UNIVERSITY,352.87,GBP,debit,BACS,UNIVERSITY,8299,Education,synthetic
BACS BLUEFIN SOLUTIONS PAYROLL REF 82981578 21AUG,3090.76,GBP,credit,BACS,BLUEFIN SOLUTIONS,,Salary,synthetic
CARD PAYMENT AIRBNB REF 85027178.,404.82,GBP,debit,CARD,AIRBNB,4722,Travel,synthetic
APPLE PAY APPLE.COM/BILL,22.40,GBP,debit,APPLE_PAY,APPLE.COM/BILL,5734,Subscriptions,synthetic
MASTERCARD ESSO 97540 05AUG,117.69,GBP,debit,CARD,ESSO,5172,Fuel,synthetic
VISA IKEA,152.09,GBP,debit,CARD,IKEA,5310,Shopping,synthetic
VISA PLAYSTATION NETWORK 57101,45.68,GBP,debit,CARD,PLAYSTATION NETWORK,7922,Entertainment,synthetic
TFR TO JOINT ACCOUNT REF 34774457,3310.39,GBP,credit,TFR,,,Transfers,synthetic
SQ BLACK SHEEP COFFEE,7.43,GBP,debit,SQUARE,BLACK SHEEP COFFEE,5812,Coffee Shops,synthetic
MASTERCARD SAINSBURYS PETROL REF 47020332.,123.94,GBP,debit,CARD,SAINSBURYS PETROL,5541,Fuel,synthetic
BACS NHS  1453,129.18,GBP,debit,BACS,NHS,8011,Healthcare,synthetic
POS SUPERDRUG 21368,6.91,GBP,debit,POS,SUPERDRUG,8049,Healthcare,synthetic
BACS VIRGIN MEDIA PAYMENT,227.83,GBP,debit,BACS,VIRGIN MEDIA,4814,Utilities,synthetic
FASTER PAYMENT FROM CURRENT ACCOUNT 24 JAN,4721.35,GBP,credit,FPS,,,Transfers,synthetic
FPS ALEX TAYLOR 55-66-77 11223344 RENT JULY,548.39,GBP,debit,BACS,HALIFAX MORTGAGE,9399,Rent/Mortgage,synthetic
BACS INCOME TAX PAYMENT,308.12,GBP,debit,BACS,HMRC,9399,Taxes,synthetic
DIRECT DEBIT LV= REF 37727245,235.97,GBP,debit,DD,LV=,5960,Insurance,synthetic
CARD LIME REF 66764586,39.73,GBP,debit,CARD,LIME,4131,Transport,synthetic
DD DVLA VEHICLE TAX,163.04,GBP,debit,DD,,9211,Taxes,sandbox
CARD PAYMENT SELF ASSESSMENT TAX,217.46,GBP,debit,CARD,,9211,Taxes,synthetic
MONTHLY ACCOUNT FEE,28.82,GBP,debit,DD,HSBC,6051,Fees,synthetic
POS PASSPORT OFFICE LONDON 09 JAN //,14.93,GBP,debit,POS,PASSPORT OFFICE,5999,Other,synthetic
DIRECT DEBIT MONTHLY RENT,982.09,GBP,debit,DD,MONTHLY RENT,9399,Rent/Mortgage,synthetic
TRANSFER TO EASY ACCESS SAVER,4054.66,GBP,credit,TFR,,,Transfers,synthetic
POS SAINSBURY'S REF 31472420,106.52,GBP,debit,POS,SAINSBURY'S,5300,Groceries,synthetic
PAYPAL SCHOOL FEES.,182.04,GBP,debit,PAYPAL,SCHOOL FEES,8299,Education,synthetic
APPLE PAY SAINSBURY'S 59990 03 AUG,12.40,GBP,debit,APPLE_PAY,SAINSBURY'S,5300,Groceries,synthetic
POS SUPERDRUG,140.99,GBP,debit,POS,SUPERDRUG,8049,Healthcare,synthetic
CASH WITHDRAWAL FEE,28.07,GBP,debit,DD,,6012,Fees,synthetic
VISA PIZZA EXPRESS LONDON,9.28,GBP,debit,CARD,PIZZA EXPRESS,5814,Dining,synthetic
LINK ATM CASH MACHINE LEEDS 33172,227.81,GBP,debit,ATM,CASH MACHINE,6011,Cash Withdrawal,synthetic
POS ESSO LONDON 03JAN,89.66,GBP,debit,POS,ESSO,5172,Fuel,synthetic
POS NINTENDO ESHOP REF 78087711,71.34,GBP,debit,POS,NINTENDO ESHOP,7832,Entertainment,synthetic
BACS SCOTTISH POWER PAYMENT,296.69,GBP,debit,BACS,SCOTTISH POWER,4814,Utilities,synthetic
VISA EASYJET REF 70040074,126.55,GBP,debit,CARD,EASYJET,4511,Travel,synthetic
PAYPAL TRANSPORT FOR LONDON,5.77,GBP,debit,PAYPAL,TRANSPORT FOR LONDON,4789,Transport,synthetic
CARD MORRISONS 54696 19/05/2023,76.60,GBP,debit,CARD,MORRISONS,5300,Groceries,synthetic
DIRECT DEBIT SEVERN TRENT REF 56352382,242.34,GBP,debit,DD,SEVERN TRENT,4814,Utilities,synthetic
APPLE PAY NERO MANCHESTER 18NOV,8.70,GBP,debit,APPLE_PAY,NERO,5814,Coffee Shops,synthetic
VISA WAGAMAMA 92344,17.53,GBP,debit,CARD,WAGAMAMA,5814,Dining,synthetic
APPLE PAY MCDONALD'S 31699,70.54,GBP,debit,APPLE_PAY,MCDONALD'S,5812,Dining,synthetic
PAYPAL AMZN 12920 07 JUL,35.51,GBP,debit,PAYPAL,AMZN,5311,Shopping,synthetic
DD BT GROUP PAYMENT,19.46,GBP,debit,DD,BT GROUP,4812,Utilities,synthetic
VISA DOMINO'S EDINBURGH 45221,63.57,GBP,debit,CARD,DOMINO'S,5812,Dining,synthetic
CARD DENTAL LONDON.,38.23,GBP,debit,CARD,DENTAL,8021,Healthcare,synthetic
STANDING ORDER E.ON,194.80,GBP,debit,SO,E.ON,4900,Utilities,synthetic
CARD SANTANDER CYCLES BIRMINGHAM 81606,27.48,GBP,debit,CARD,SANTANDER CYCLES,4789,Transport,synthetic
SO L&Q 4670 01 JUN,1095.96,GBP,debit,SO,L&Q,6513,Rent/Mortgage,synthetic
CARD ETSY,189.96,GBP,debit,CARD,ETSY,5691,Shopping,synthetic
PACKAGED ACCOUNT FEE,29.36,GBP,debit,SO,LLOYDS,6051,Fees,synthetic
DIRECT DEBIT EON PAYMENT,193.42,GBP,debit,DD,EON,4812,Utilities,synthetic
MASTERCARD ESSO BIRMINGHAM,102.18,GBP,debit,CARD,ESSO,5541,Fuel,synthetic
BACS SANTANDER MORTGAGE  5847,2242.24,GBP,debit,BACS,SANTANDER MORTGAGE,6513,Rent/Mortgage,synthetic
POS GOV.UK,87.00,GBP,debit,POS,GOV.UK,5999,Other,synthetic
FASTER PAYMENT MONTHLY SALARY PRIME HIRE LTD,3244.41,GBP,credit,FPS,PRIME HIRE LTD,,Salary,synthetic
SQ COSTA 75977,4.31,GBP,debit,SQUARE,COSTA,5812,Coffee Shops,synthetic
ATM ATM LONDON 04/03/2023,448.08,GBP,debit,ATM,ATM,6010,Cash Withdrawal,synthetic
BACS CHRIS EVANS 33-44-55 99887766 RENT OCTOBER,2003.23,GBP,debit,BACS,RENT,9399,Rent/Mortgage,synthetic
POS JOHN LEWIS LONDON,12.49,GBP,debit,POS,JOHN LEWIS,5691,Shopping,synthetic
APPLE PAY NANDOS REF 35006323,80.92,GBP,debit,APPLE_PAY,NANDOS,5814,Dining,synthetic
DIRECT DEBIT EDF ENERGY PAYMENT,15.80,GBP,debit,DD,EDF ENERGY,4900,Utilities,synthetic
POS JD SPORTS,223.01,GBP,debit,POS,JD SPORTS,5399,Shopping,synthetic
DD COURSERA,266.47,GBP,debit,DD,COURSERA,8220,Education,synthetic
CARD GREENPEACE 62049,40.82,GBP,debit,CARD,GREENPEACE,8398,Charity,synthetic
CARD ROYAL MAIL,73.40,GBP,debit,CARD,ROYAL MAIL,5999,Other,synthetic
PAYPAL BLACK CAB 23666 15/09/2026,61.22,GBP,debit,PAYPAL,BLACK CAB,4121,Transport,synthetic
FOREIGN TRANSACTION FEE,9.62,GBP,debit,SO,NATIONWIDE,6051,Fees,synthetic
CARD PAYMENT UBER 65310 10 APR,5.98,GBP,debit,CARD,UBER,4789,Transport,synthetic
LINK ATM LINK ATM REF 45603856,278.25,GBP,debit,ATM,LINK ATM,6010,Cash Withdrawal,synthetic
DIRECT DEBIT MORTGAGE PAYMENT REF 72666858,1157.03,GBP,debit,DD,MORTGAGE PAYMENT,6513,Rent/Mortgage,synthetic
CARD TRAINLINE REF 85102924,23.91,GBP,debit,CARD,TRAINLINE,4121,Transport,synthetic
APPLE PAY UBER TRIP  16 DEC,22.66,GBP,debit,APPLE_PAY,UBER TRIP,4111,Transport,synthetic
BACS SAM WILSON 11-22-33 44556677 RENT JUNE,1501.69,GBP,debit,BACS,HALIFAX MORTGAGE,6513,Rent/Mortgage,synthetic
STRIPE ARGOS 52055,254.44,GBP,debit,STRIPE,ARGOS,5311,Shopping,synthetic
TFR TO SAVINGS ACCOUNT 09APR,4505.83,GBP,credit,TFR,,,Transfers,synthetic
PAYPAL EASYJET  19 APR,356.09,GBP,debit,PAYPAL,EASYJET,4722,Travel,synthetic
APPLE PAY NETFLIX REF 42098427,10.39,GBP,debit,APPLE_PAY,NETFLIX,5968,Subscriptions,synthetic
PAYPAL BLACK CAB,35.89,GBP,debit,PAYPAL,BLACK CAB,4111,Transport,synthetic
CARD PAYMENT WAITROSE  48755,98.55,GBP,debit,CARD,WAITROSE,5411,Groceries,synthetic
CARD TICKETMASTER,102.86,GBP,debit,CARD,TICKETMASTER,7999,Entertainment,synthetic
CARD BOLT BIRMINGHAM 20260519,65.98,GBP,debit,CARD,BOLT,4131,Transport,synthetic
POS JD SPORTS 22971 22SEP,23.32,GBP,debit,POS,JD SPORTS,5399,Shopping,synthetic
FPS ACME LTD SALARY 02/02/2025,2181.64,GBP,credit,FPS,ACME LTD,,Salary,synthetic
CARD BUPA 18318 27/02/2026,8.34,GBP,debit,CARD,BUPA,8049,Healthcare,synthetic
BACS LEGAL & GENERAL 48689 20260621,88.08,GBP,debit,BACS,LEGAL & GENERAL,6300,Insurance,synthetic
DD MORE THAN  18 MAY,47.54,GBP,debit,DD,MORE THAN,6300,Insurance,synthetic
DD HMRC PAYMENT,454.30,GBP,debit,DD,HMRC,9211,Taxes,synthetic
DIRECT DEBIT MONTHLY RENT 98275,1065.00,GBP,debit,DD,MONTHLY RENT,6513,Rent/Mortgage,synthetic
TFR TO JOINT ACCOUNT,4811.89,GBP,credit,TFR,,,Transfers,synthetic
BACS PASSPORT OFFICE 19496,159.15,GBP,debit,BACS,PASSPORT OFFICE,5999,Other,synthetic
CARD DENTAL  91838,21.35,GBP,debit,CARD,DENTAL,8011,Healthcare,synthetic
PAYPAL ARGOS 11374,55.91,GBP,debit,PAYPAL,ARGOS,5311,Shopping,synthetic
LATE PAYMENT FEE,44.67,GBP,debit,DD,LLOYDS,6051,Fees,synthetic
FPS TO SAVINGS REF 69560834,1560.30,GBP,credit,FPS,,,Transfers,synthetic
DD PEABODY 93320,2266.82,GBP,debit,DD,PEABODY,6513,Rent/Mortgage,synthetic
SQ CAFFE NERO MANCHESTER,3.97,GBP,debit,SQUARE,CAFFE NERO,5814,Coffee Shops,synthetic
CARD PAYMENT WETHERSPOONS 32402,8.43,GBP,debit,CARD,WETHERSPOONS,5812,Dining,synthetic
BACS VISION EXPRESS REF 14362261 //,77.76,GBP,debit,BACS,VISION EXPRESS,8049,Healthcare,synthetic
CARD PAYMENT JUSTGIVING LONDON 20230204,61.89,GBP,debit,CARD,JUSTGIVING,8398,Charity,synthetic
APPLE PAY TRANSPORT FOR LONDON,83.51,GBP,debit,APPLE_PAY,TRANSPORT FOR LONDON,4789,Transport,synthetic
APPLE PAY CAFE LOCAL,6.81,GBP,debit,APPLE_PAY,CAFE LOCAL,5814,Coffee Shops,synthetic
DIRECT DEBIT SSE,109.77,GBP,debit,DD,SSE,4814,Utilities,synthetic
POS VUE LONDON 55094,104.82,GBP,debit,POS,VUE,7922,Entertainment,synthetic
OVERDRAFT INTEREST CHARGE,29.81,GBP,debit,DD,LLOYDS,6012,Fees,synthetic
CARD PAYMENT UBER TRIP,27.39,GBP,debit,CARD,UBER TRIP,4789,Transport,synthetic
LINK ATM CASH MACHINE REF 47267854,74.40,GBP,debit,ATM,CASH MACHINE,6010,Cash Withdrawal,synthetic
CARD TFL TRAVEL CHARGE MANCHESTER,17.11,GBP,debit,CARD,TFL TRAVEL CHARGE,4789,Transport,synthetic
BACS SALARY INNOTECH LTD,2855.91,GBP,credit,BACS,INNOTECH LTD,,Salary,synthetic
VISA BA,884.35,GBP,debit,CARD,BA,4511,Travel,synthetic
CARD PAYMENT VISION EXPRESS LONDON,86.69,GBP,debit,CARD,VISION EXPRESS,8049,Healthcare,synthetic
DD CLARION HOUSING  13/03/2023,568.13,GBP,debit,DD,CLARION HOUSING,9399,Rent/Mortgage,synthetic
DD TALKTALK,93.49,GBP,debit,DD,TALKTALK,4899,Utilities,synthetic
CARD XBOX 67476,87.02,GBP,debit,CARD,XBOX,7832,Entertainment,synthetic
CARD PAYMENT TICKETMASTER LONDON 75807,122.86,GBP,debit,CARD,TICKETMASTER,7999,Entertainment,synthetic
FPS SELF ASSESSMENT TAX,245.22,GBP,debit,FPS,HM REVENUE & CUSTOMS,9211,Taxes,synthetic
MASTERCARD TESCO PETROL 59794 28 JUL,36.86,GBP,debit,CARD,TESCO PETROL,5172,Fuel,synthetic
CARD PAYMENT AMAZON  20240727,248.71,GBP,debit,CARD,AMAZON,5310,Shopping,synthetic
CASH WITHDRAWAL ATM 13741 04/03/2025 *,25.72,GBP,debit,ATM,ATM,6011,Cash Withdrawal,synthetic
ACCOUNT FEE HALIFAX,33.18,GBP,debit,SO,HALIFAX,6012,Fees,synthetic
CARD ALDI 16007 20260112,39.19,GBP,debit,CARD,ALDI,5411,Groceries,synthetic
PAYPAL SKY STORE 97051 20261203,32.45,GBP,debit,PAYPAL,SKY STORE,7832,Entertainment,synthetic
LINK ATM CASH MACHINE LEEDS 25DEC,189.84,GBP,debit,ATM,CASH MACHINE,6011,Cash Withdrawal,synthetic
BACS UCL *,448.56,GBP,debit,BACS,UCL,8299,Education,synthetic
MASTERCARD KFC MANCHESTER 18/07/2026,51.92,GBP,debit,CARD,KFC,5812,Dining,synthetic
DIRECT DEBIT OCTOPUS ENERGY,243.68,GBP,debit,DD,OCTOPUS ENERGY,4900,Utilities,synthetic
FPS PEABODY ,1801.43,GBP,debit,FPS,PEABODY,9399,Rent/Mortgage,synthetic
PAYPAL XBOX,86.17,GBP,debit,PAYPAL,XBOX,7832,Entertainment,synthetic
FASTER PAYMENT TO SAVINGS 23APR,136.74,GBP,credit,FPS,,,Transfers,synthetic
BACS GOV.UK,160.32,GBP,debit,BACS,GOV.UK,7299,Other,synthetic
BACS O2,247.26,GBP,debit,BACS,O2,4814,Utilities,synthetic
FASTER PAYMENT SALARY GLOBEX CORP,1353.36,GBP,credit,FPS,GLOBEX CORP,,Salary,synthetic
OVERDRAFT INTEREST CHARGE,13.63,GBP,debit,DD,,6051,Fees,synthetic
CARD PAYMENT COOP  27AUG,52.93,GBP,debit,CARD,COOP,5499,Groceries,synthetic
STANDING ORDER PEABODY  24/09/2024,2083.06,GBP,debit,SO,PEABODY,6513,Rent/Mortgage,synthetic
POS BP 99575,42.48,GBP,debit,POS,BP,5542,Fuel,synthetic
SO VITALITY,74.80,GBP,debit,SO,VITALITY,6300,Insurance,synthetic
BACS KINGS COLLEGE LONDON *,459.33,GBP,debit,BACS,KINGS COLLEGE LONDON,8299,Education,synthetic
VISA AMZN LONDON 09APR,192.95,GBP,debit,CARD,AMZN,5399,Shopping,synthetic
CARD KFC 91350 09DEC,44.22,GBP,debit,CARD,KFC,5812,Dining,synthetic
PAYPAL LIME REF 27900736,36.78,GBP,debit,PAYPAL,LIME,4131,Transport,synthetic
BACS HASTINGS ,114.18,GBP,debit,BACS,HASTINGS,6300,Insurance,synthetic
STANDING ORDER VODAFONE,72.76,GBP,debit,SO,VODAFONE,4814,Utilities,synthetic
FPS BLUEFIN SOLUTIONS PAYROLL REF 39828702 27MAR,3324.58,GBP,credit,FPS,BLUEFIN SOLUTIONS,,Salary,synthetic
DIRECT DEBIT OCTOPUS ENERGY,18.99,GBP,debit,DD,OCTOPUS ENERGY,4900,Utilities,synthetic
FPS MONTHLY SALARY ACME LTD,2588.78,GBP,credit,FPS,ACME LTD,,Salary,synthetic
FOREIGN TRANSACTION FEE,38.86,GBP,debit,SO,BARCLAYS,6051,Fees,synthetic
DD JUSTGIVING.,78.00,GBP,debit,DD,JUSTGIVING,8398,Charity,synthetic
POS FIRST BUS,79.31,GBP,debit,POS,FIRST BUS,4789,Transport,synthetic
LINK ATM LINK ATM 52382 //,177.38,GBP,debit,ATM,LINK ATM,6011,Cash Withdrawal,synthetic
SO EE REF 63498334,210.40,GBP,debit,SO,EE,4812,Utilities,synthetic
TFR TO SAVINGS,1194.05,GBP,credit,TFR,,,Transfers,synthetic
PACKAGED ACCOUNT FEE,32.21,GBP,debit,SO,LLOYDS,6051,Fees,synthetic
PAYPAL TRANSPORT FOR LONDON 3350 20260603,18.57,GBP,debit,PAYPAL,TRANSPORT FOR LONDON,4131,Transport,synthetic
BACS ROYAL MAIL 23981 11/02/2025,24.14,GBP,debit,BACS,ROYAL MAIL,7299,Other,synthetic
CARD PAYMENT ASDA PETROL MANCHESTER,53.15,GBP,debit,CARD,ASDA PETROL,5541,Fuel,synthetic
CARD PAYMENT CITY LIT 56723,195.70,GBP,debit,CARD,CITY LIT,8299,Education,synthetic
SO E.ON PAYMENT,273.30,GBP,debit,SO,E.ON,4812,Utilities,synthetic
LATE PAYMENT FEE,16.47,GBP,debit,DD,HALIFAX,6051,Fees,synthetic
POS BOOTS PHARMACY,8.29,GBP,debit,POS,BOOTS PHARMACY,8011,Healthcare,synthetic
CARD PAYMENT DISNEY+  46915,17.34,GBP,debit,CARD,DISNEY+,5734,Subscriptions,synthetic
MASTERCARD RYANAIR HEATHROW 13/01/2026,240.00,GBP,debit,CARD,RYANAIR,4722,Travel,synthetic
BACS RED CROSS 33730.,24.33,GBP,debit,BACS,RED CROSS,8398,Charity,synthetic
DD HALIFAX MORTGAGE *,1935.01,GBP,debit,DD,HALIFAX MORTGAGE,6513,Rent/Mortgage,synthetic
DIRECT DEBIT HASTINGS //,224.91,GBP,debit,DD,HASTINGS,6300,Insurance,synthetic
BACS MONTHLY SALARY PRIME HIRE LTD,5263.00,GBP,credit,BACS,PRIME HIRE LTD,,Salary,synthetic
CARD PAYMENT PASSPORT OFFICE REF 33168540,46.13,GBP,debit,CARD,PASSPORT OFFICE,5999,Other,synthetic
CARD PAYMENT CAFFE NERO,8.76,GBP,debit,CARD,CAFFE NERO,5812,Coffee Shops,synthetic
FPS SELF ASSESSMENT TAX,487.10,GBP,debit,FPS,DVLA,9211,Taxes,synthetic
DD SKY BROADBAND PAYMENT,202.32,GBP,debit,DD,SKY BROADBAND,4814,Utilities,synthetic
TFR TO SAVINGS ACCOUNT 25/02/2025,1342.15,GBP,credit,TFR,,,Transfers,synthetic
CASH WITHDRAWAL FEE,38.40,GBP,debit,DD,LLOYDS,6051,Fees,synthetic
APPLE PAY UBER TRIP LEEDS 19/04/2023,32.60,GBP,debit,APPLE_PAY,UBER TRIP,4111,Transport,synthetic
FPS TO SAVINGS 21/09/2023,4853.41,GBP,credit,FPS,,,Transfers,synthetic
DD COUNCIL TAX,359.50,GBP,debit,DD,COUNCIL TAX,9211,Taxes,synthetic
BACS HALCYON GROUP PAYROLL REF 11213005,1421.63,GBP,credit,BACS,HALCYON GROUP,,Salary,synthetic
SQ CAFFE NERO 80323,15.02,GBP,debit,SQUARE,CAFFE NERO,5812,Coffee Shops,synthetic
CARD PAYMENT BOOTS PHARMACY LONDON,107.40,GBP,debit,CARD,BOOTS PHARMACY,5912,Healthcare,synthetic
CARD DISNEY+ 37466 17/08/2025.,13.37,GBP,debit,CARD,DISNEY+,4899,Subscriptions,synthetic
SQ BLACK SHEEP COFFEE CAMBRIDGE 08 FEB,2.64,GBP,debit,SQUARE,BLACK SHEEP COFFEE,5812,Coffee Shops,synthetic
PAYPAL SPORTS DIRECT REF 57562437.,247.38,GBP,debit,PAYPAL,SPORTS DIRECT,5691,Shopping,synthetic
BACS EDF ENERGY,118.32,GBP,debit,BACS,EDF ENERGY,4900,Utilities,synthetic
VISA TIM HORTONS 07/05/2026 *,4.26,GBP,debit,CARD,TIM HORTONS,5812,Coffee Shops,synthetic
BACS ACME LTD PAYROLL REF 94825727,2100.11,GBP,credit,BACS,ACME LTD,,Salary,synthetic
MONTHLY ACCOUNT FEE,7.54,GBP,debit,DD,NATIONWIDE,6012,Fees,synthetic
BACS KINGS COLLEGE LONDON LONDON 14 FEB,427.80,GBP,debit,BACS,KINGS COLLEGE LONDON,8299,Education,synthetic
DD SAVE THE CHILDREN 6792 27 AUG,74.06,GBP,debit,DD,SAVE THE CHILDREN,8398,Charity,synthetic
DD CHURCHILL REF 50434140,236.25,GBP,debit,DD,CHURCHILL,6300,Insurance,synthetic
BACS OPEN UNIVERSITY 44699 21FEB,267.96,GBP,debit,BACS,OPEN UNIVERSITY,8220,Education,synthetic
CASH WITHDRAWAL LINK ATM 20729,379.75,GBP,debit,ATM,LINK ATM,6010,Cash Withdrawal,synthetic
BANK TRANSFER BETWEEN ACCOUNTS,56.86,GBP,credit,TFR,,,Transfers,synthetic
BACS SAM WILSON 11-22-33 44556677 RENT JUNE,1306.04,GBP,debit,BACS,LANDLORD,6513,Rent/Mortgage,synthetic
ATM ATM,367.32,GBP,debit,ATM,ATM,6011,Cash Withdrawal,synthetic
SO HALIFAX MORTGAGE *,1119.02,GBP,debit,SO,HALIFAX MORTGAGE,6513,Rent/Mortgage,synthetic
DD OCTOPUS ENERGY PAYMENT,36.39,GBP,debit,DD,OCTOPUS ENERGY,4814,Utilities,synthetic
CASH WITHDRAWAL ATM MANCHESTER,187.33,GBP,debit,ATM,ATM,6010,Cash Withdrawal,synthetic
CARD PAYMENT XBOX MANCHESTER,113.93,GBP,debit,CARD,XBOX,7832,Entertainment,synthetic
FPS DVLA VEHICLE TAX,91.51,GBP,debit,FPS,HM REVENUE & CUSTOMS,9211,Taxes,synthetic
CARD SHELL  20241212,129.17,GBP,debit,CARD,SHELL,5542,Fuel,synthetic
BACS MACMILLAN 35090 12JUN,47.76,GBP,debit,BACS,MACMILLAN,8398,Charity,synthetic
DD BOOTS PHARMACY LONDON 19789,70.82,GBP,debit,DD,BOOTS PHARMACY,5912,Healthcare,synthetic
TFR TO SAVINGS ACCOUNT,1965.90,GBP,credit,TFR,,,Transfers,synthetic
LINK ATM CASH MACHINE,163.84,GBP,debit,ATM,CASH MACHINE,6010,Cash Withdrawal,synthetic
CARD PAYMENT DVLA VEHICLE TAX,70.08,GBP,debit,CARD,DVLA,9399,Taxes,synthetic
BACS DENTAL MANCHESTER,136.55,GBP,debit,BACS,DENTAL,5912,Healthcare,synthetic
CARD ROYAL MAIL 56536,94.88,GBP,debit,CARD,ROYAL MAIL,5999,Other,synthetic
PAYPAL NSPCC REF 57205157,55.05,GBP,debit,PAYPAL,NSPCC,8398,Charity,synthetic
CARD PAYMENT NURSERY FEES REF 38887890,62.45,GBP,debit,CARD,NURSERY FEES,8299,Education,synthetic
CASH WITHDRAWAL ATM MANCHESTER 66496,419.44,GBP,debit,ATM,ATM,6011,Cash Withdrawal,synthetic
LATE PAYMENT FEE,46.40,GBP,debit,DD,LLOYDS,6051,Fees,synthetic
PAYPAL DROPBOX  64549,29.17,GBP,debit,PAYPAL,DROPBOX,5968,Subscriptions,synthetic
PAYPAL SKY STORE MANCHESTER 57479,59.33,GBP,debit,PAYPAL,SKY STORE,7832,Entertainment,synthetic
LINK ATM LINK ATM LONDON 21 SEP,234.47,GBP,debit,ATM,LINK ATM,6011,Cash Withdrawal,synthetic
CARD WWF LONDON 20250718,71.29,GBP,debit,CARD,WWF,8398,Charity,synthetic
MASTERCARD SHELL BIRMINGHAM 20251005,63.32,GBP,debit,CARD,SHELL,5541,Fuel,synthetic
DD BARCLAYS MORTGAGE  67478,499.01,GBP,debit,DD,BARCLAYS MORTGAGE,9399,Rent/Mortgage,synthetic
CARD PAYMENT SELF ASSESSMENT TAX,118.99,GBP,debit,CARD,DVLA,9399,Taxes,synthetic
STANDING ORDER HASTINGS,122.81,GBP,debit,SO,HASTINGS,6300,Insurance,synthetic
SQ NERO REF 21813934,11.74,GBP,debit,SQUARE,NERO,5812,Coffee Shops,synthetic
STANDING ORDER DIRECT LINE 30420,266.52,GBP,debit,SO,DIRECT LINE,5960,Insurance,synthetic
SO SEVERN TRENT PAYMENT,192.04,GBP,debit,SO,SEVERN TRENT,4814,Utilities,sandbox
BANK TRANSFER BETWEEN ACCOUNTS 25/04/2023,3726.88,GBP,credit,TFR,,,Transfers,synthetic
DD OXFAM 91543,46.06,GBP,debit,DD,OXFAM,8398,Charity,synthetic
VISA VUE MANCHESTER 62666,108.25,GBP,debit,CARD,VUE,7832,Entertainment,synthetic
DD CHURCHILL  70657,343.19,GBP,debit,DD,CHURCHILL,6300,Insurance,synthetic
CARD TESCO EXPRESS,73.94,GBP,debit,CARD,TESCO EXPRESS,5499,Groceries,synthetic
OVERDRAFT INTEREST CHARGE,14.73,GBP,debit,SO,HALIFAX,6012,Fees,synthetic
PAYPAL BLACK CAB BIRMINGHAM,71.78,GBP,debit,PAYPAL,BLACK CAB,4131,Transport,synthetic
CARD PAYMENT SKY STORE MANCHESTER 95179,112.35,GBP,debit,CARD,SKY STORE,7832,Entertainment,synthetic
LATE PAYMENT FEE,30.00,GBP,debit,SO,,6012,Fees,synthetic
CARD ESSO 79024,64.01,GBP,debit,CARD,ESSO,5541,Fuel,synthetic
VISA BRITISH AIRWAYS REF 76234064,165.37,GBP,debit,CARD,BRITISH AIRWAYS,4411,Travel,synthetic
BACS HAIRDRESSERS REF 65231855,175.26,GBP,debit,BACS,HAIRDRESSERS,5999,Other,synthetic
STANDING ORDER MONTHLY RENT 47504 20250521,1591.86,GBP,debit,SO,MONTHLY RENT,6513,Rent/Mortgage,synthetic
CASH WITHDRAWAL CASH MACHINE  20250428,373.46,GBP,debit,ATM,CASH MACHINE,6011,Cash Withdrawal,synthetic
CARD PAYMENT IKEA  20230210,10.24,GBP,debit,CARD,IKEA,5311,Shopping,synthetic
CARD PAYMENT HAIRDRESSERS 57647,139.86,GBP,debit,CARD,HAIRDRESSERS,5999,Other,synthetic
PAYPAL UNIVERSITY 77479,415.20,GBP,debit,PAYPAL,UNIVERSITY,8299,Education,synthetic
ATM LINK ATM LONDON 45908,58.72,GBP,debit,ATM,LINK ATM,6011,Cash Withdrawal,synthetic
BACS GLOBEX CORP SALARY 20250602,1836.07,GBP,credit,BACS,GLOBEX CORP,,Salary,synthetic
STANDING ORDER BT REF 77648431,163.83,GBP,debit,SO,BT,4899,Utilities,synthetic
CARD TFL,34.49,GBP,debit,CARD,TFL,4121,Transport,synthetic
DIRECT DEBIT DIRECT LINE  24519,221.05,GBP,debit,DD,DIRECT LINE,5960,Insurance,synthetic
POS LIDL,113.79,GBP,debit,POS,LIDL,5300,Groceries,synthetic
FASTER PAYMENT PRIME HIRE LTD SALARY,4692.10,GBP,credit,FPS,PRIME HIRE LTD,,Salary,synthetic
BACS SALARY INNOTECH LTD,5604.89,GBP,credit,BACS,INNOTECH LTD,,Salary,synthetic
PAYPAL EBAY.,119.27,GBP,debit,PAYPAL,EBAY,5310,Shopping,synthetic
LINK ATM CASH MACHINE REF 65542934,78.56,GBP,debit,ATM,CASH MACHINE,6010,Cash Withdrawal,synthetic
CARD PREZZO EDINBURGH 20241122,8.36,GBP,debit,CARD,PREZZO,5814,Dining,synthetic
VISA ASDA PETROL BIRMINGHAM 25 NOV,55.40,GBP,debit,CARD,ASDA PETROL,5541,Fuel,synthetic
PAYPAL STEAM GAMES,28.31,GBP,debit,PAYPAL,STEAM GAMES,7832,Entertainment,synthetic
FPS PRIME HIRE LTD PAYROLL REF 93086620,2620.78,GBP,credit,FPS,PRIME HIRE LTD,,Salary,synthetic
CARD PAYMENT VUE CINEMA 95541,116.23,GBP,debit,CARD,VUE CINEMA,7999,Entertainment,synthetic
SO SKY BROADBAND,266.51,GBP,debit,SO,SKY BROADBAND,4900,Utilities,synthetic
CARD NETFLIX.COM  06 MAY,28.79,GBP,debit,CARD,NETFLIX.COM,4899,Subscriptions,synthetic
MASTERCARD BURGER KING 20241007 //,57.34,GBP,debit,CARD,BURGER KING,5812,Dining,synthetic
APPLE PAY CO-OP  05 FEB,37.50,GBP,debit,APPLE_PAY,CO-OP,5300,Groceries,synthetic
ATM ATM REF 12437182,352.08,GBP,debit,ATM,ATM,6011,Cash Withdrawal,synthetic
CARD PAYMENT AIRBNB LONDON 11421,389.53,GBP,debit,CARD,AIRBNB,4411,Travel,synthetic
BACS DRY CLEANERS  14/09/2025,25.03,GBP,debit,BACS,DRY CLEANERS,5999,Other,synthetic
DD BT,294.50,GBP,debit,DD,BT,4900,Utilities,synthetic
CARD PLAYSTATION NETWORK MANCHESTER 61949,87.76,GBP,debit,CARD,PLAYSTATION NETWORK,7832,Entertainment,synthetic
APPLE PAY TRANSPORT FOR LONDON LONDON 17MAY,62.00,GBP,debit,APPLE_PAY,TRANSPORT FOR LONDON,4131,Transport,synthetic
MASTERCARD TESCO PETROL 68113 27/10/2023,33.53,GBP,debit,CARD,TESCO PETROL,5542,Fuel,synthetic
CARD NHS  17/09/2024,54.71,GBP,debit,CARD,NHS,5912,Healthcare,synthetic
CARD SHELL BIRMINGHAM,107.44,GBP,debit,CARD,SHELL,5541,Fuel,synthetic
BACS UDEMY NEWCASTLE 20240727,124.73,GBP,debit,BACS,UDEMY,8299,Education,synthetic
CARD IKEA REF 32862463.,153.63,GBP,debit,CARD,IKEA,5399,Shopping,synthetic
CARD OXFAM REF 93536989,39.31,GBP,debit,CARD,OXFAM,8398,Charity,synthetic
CARD AMAZON.CO.UK LONDON 78695,128.68,GBP,debit,CARD,AMAZON.CO.UK,5691,Shopping,synthetic
CARD PAYMENT BP,80.69,GBP,debit,CARD,BP,5172,Fuel,synthetic
VISA H&M LONDON,34.22,GBP,debit,CARD,H&M,5310,Shopping,synthetic
CARD PAYMENT NANDOS CARDIFF 21JUL,8.38,GBP,debit,CARD,NANDOS,5814,Dining,synthetic
VISA ASDA PETROL,65.18,GBP,debit,CARD,ASDA PETROL,5541,Fuel,synthetic
APPLE PAY CO-OP 19442 21/12/2023,56.41,GBP,debit,APPLE_PAY,CO-OP,5411,Groceries,synthetic
CARD PAYMENT JET LONDON 63168.,103.78,GBP,debit,CARD,JET,5542,Fuel,synthetic
BACS UDEMY  05/10/2026,439.08,GBP,debit,BACS,UDEMY,8220,Education,synthetic
ATM LINK ATM LONDON 51635,92.24,GBP,debit,ATM,LINK ATM,6011,Cash Withdrawal,synthetic
CARD WETHERSPOONS REF 13867648,88.19,GBP,debit,CARD,WETHERSPOONS,5812,Dining,synthetic
DD AGE UK LONDON 20250823,2.28,GBP,debit,DD,AGE UK,8398,Charity,synthetic
POS PLAYSTATION NETWORK REF 21774955,92.81,GBP,debit,POS,PLAYSTATION NETWORK,7832,Entertainment,synthetic
SO OCTOPUS ENERGY PAYMENT,143.14,GBP,debit,SO,OCTOPUS ENERGY,4812,Utilities,synthetic
CARD PAYMENT KINGS COLLEGE LONDON LONDON 64760,168.61,GBP,debit,CARD,KINGS COLLEGE LONDON,8220,Education,synthetic
CARD PAYMENT HAIRDRESSERS LONDON 01/05/2023,162.00,GBP,debit,CARD,HAIRDRESSERS,5999,Other,synthetic
TRANSFER TO SAVINGS 10/02/2024,3864.51,GBP,credit,TFR,,,Transfers,synthetic
STANDING ORDER MORTGAGE PAYMENT //,797.64,GBP,debit,SO,MORTGAGE PAYMENT,9399,Rent/Mortgage,synthetic
BACS PASSPORT OFFICE 28838 08APR,35.46,GBP,debit,BACS,PASSPORT OFFICE,5999,Other,synthetic
POS TESCO EXPRESS REF 95758649 *,74.93,GBP,debit,POS,TESCO EXPRESS,5411,Groceries,synthetic
BACS LV REF 74114036,187.04,GBP,debit,BACS,LV,5960,Insurance,synthetic
FPS ALEX TAYLOR 55-66-77 11223344 RENT JULY,722.83,GBP,debit,BACS,MONTHLY RENT,6513,Rent/Mortgage,synthetic
ATM ATM LONDON,75.97,GBP,debit,ATM,ATM,6010,Cash Withdrawal,synthetic
CARD LIDL REF 68526649,39.19,GBP,debit,CARD,LIDL,5300,Groceries,synthetic
DD INCOME TAX PAYMENT,320.92,GBP,debit,DD,,9211,Taxes,synthetic
BANK TRANSFER BETWEEN ACCOUNTS 27 MAY,4169.40,GBP,credit,TFR,,,Transfers,synthetic
CARD PAYMENT JET2 57161 18/12/2026,503.79,GBP,debit,CARD,JET2,4722,Travel,synthetic
LINK ATM ATM 89475,18.98,GBP,debit,ATM,ATM,6011,Cash Withdrawal,synthetic
CARD LIME LONDON 70542,4.70,GBP,debit,CARD,LIME,4111,Transport,synthetic
CARD HAIRDRESSERS,173.61,GBP,debit,CARD,HAIRDRESSERS,5999,Other,synthetic
TRANSFER TO SAVINGS 20261004,4027.47,GBP,credit,TFR,,,Transfers,synthetic
CARD DISNEY+ 60613 //,23.19,GBP,debit,CARD,DISNEY+,4899,Subscriptions,synthetic
CARD AMAZON PRIME,30.06,GBP,debit,CARD,AMAZON PRIME,5968,Subscriptions,synthetic
MASTERCARD MCDONALDS 2728,66.44,GBP,debit,CARD,MCDONALDS,5814,Dining,synthetic
PAYPAL ARGOS 98155 //,160.25,GBP,debit,PAYPAL,ARGOS,5310,Shopping,synthetic
ACCOUNT FEE HSBC,24.75,GBP,debit,SO,HSBC,6012,Fees,synthetic
APPLE PAY ICELAND REF 78885632,119.83,GBP,debit,APPLE_PAY,ICELAND,5411,Groceries,synthetic
MASTERCARD BA,401.26,GBP,debit,CARD,BA,4722,Travel,synthetic
GOOGLE PAY WAITROSE REF 43704923,53.04,GBP,debit,GOOGLE_PAY,WAITROSE,5300,Groceries,synthetic
STRIPE CURRYS LONDON 15JUN,124.24,GBP,debit,STRIPE,CURRYS,5311,Shopping,synthetic
DIRECT DEBIT ADMIRAL ,45.88,GBP,debit,DD,ADMIRAL,5960,Insurance,synthetic
POS HAIRDRESSERS 98223 16 NOV,90.93,GBP,debit,POS,HAIRDRESSERS,7299,Other,synthetic
CARD PAYMENT LASTMINUTE.COM,54.07,GBP,debit,CARD,LASTMINUTE.COM,4722,Travel,synthetic
APPLE PAY DOMINO'S  12 MAR,76.64,GBP,debit,APPLE_PAY,DOMINO'S,5812,Dining,synthetic
POS POST OFFICE //,54.36,GBP,debit,POS,POST OFFICE,7299,Other,synthetic
BANK TRANSFER BETWEEN ACCOUNTS REF 94469965,2861.53,GBP,credit,TFR,,,Transfers,synthetic
VISA PRIMARK LONDON,84.84,GBP,debit,CARD,PRIMARK,5399,Shopping,synthetic
CARD PAYMENT BP 93372 27 JUL,117.53,GBP,debit,CARD,BP,5172,Fuel,synthetic
VISA JET2,234.29,GBP,debit,CARD,JET2,4511,Travel,synthetic
FOREIGN TRANSACTION FEE,45.11,GBP,debit,SO,LLOYDS,6012,Fees,synthetic
DD SELF ASSESSMENT TAX,80.46,GBP,debit,DD,DVLA,9399,Taxes,synthetic
POS KFC 41899.,59.33,GBP,debit,POS,KFC,5812,Dining,synthetic
SQ PRET REF 35428946,14.42,GBP,debit,SQUARE,PRET,5812,Coffee Shops,synthetic
PAYPAL SPORTS DIRECT 28 MAR.,102.88,GBP,debit,PAYPAL,SPORTS DIRECT,5311,Shopping,synthetic
CARD PAYMENT SKY STORE LONDON 20250323.,88.20,GBP,debit,CARD,SKY STORE,7999,Entertainment,synthetic
FPS SELF ASSESSMENT TAX,192.09,GBP,debit,FPS,DVLA,9399,Taxes,synthetic
POS ASDA PETROL *,98.28,GBP,debit,POS,ASDA PETROL,5172,Fuel,synthetic
VISA ASDA PETROL,114.46,GBP,debit,CARD,ASDA PETROL,5172,Fuel,synthetic
APPLE PAY DISNEY+ REF 90594945,11.15,GBP,debit,APPLE_PAY,DISNEY+,5734,Subscriptions,synthetic
CARD DISNEY PLUS 28345 20250925,11.54,GBP,debit,CARD,DISNEY PLUS,4899,Subscriptions,synthetic
CARD CINEWORLD 44643 21/01/2025,87.06,GBP,debit,CARD,CINEWORLD,7832,Entertainment,synthetic
DD NHS PRESCRIPTION REF 44825874,101.55,GBP,debit,DD,NHS PRESCRIPTION,8049,Healthcare,synthetic
CARD PAYMENT OPEN UNIVERSITY  4541,479.36,GBP,debit,CARD,OPEN UNIVERSITY,8220,Education,synthetic
BACS AGE UK 97009 03/07/2026,99.66,GBP,debit,BACS,AGE UK,8398,Charity,synthetic
DD MORE THAN,135.15,GBP,debit,DD,MORE THAN,5960,Insurance,synthetic
SO PEABODY  53955,1317.48,GBP,debit,SO,PEABODY,9399,Rent/Mortgage,synthetic
PAYPAL GETT.,39.47,GBP,debit,PAYPAL,GETT,4111,Transport,synthetic
POS SAINSBURY'S *,63.76,GBP,debit,POS,SAINSBURY'S,5499,Groceries,synthetic
MASTERCARD RYANAIR 85734,632.50,GBP,debit,CARD,RYANAIR,4411,Travel,synthetic
BACS POST OFFICE LONDON 24SEP,85.58,GBP,debit,BACS,POST OFFICE,5999,Other,synthetic
DD CLARION HOUSING  23540,1713.23,GBP,debit,DD,CLARION HOUSING,9399,Rent/Mortgage,synthetic
ATM LINK ATM LONDON,484.29,GBP,debit,ATM,LINK ATM,6010,Cash Withdrawal,synthetic
MASTERCARD NANDOS CARDIFF 28744,25.21,GBP,debit,CARD,NANDOS,5812,Dining,synthetic
FPS MONTHLY SALARY NORTHWIND SERVICES,1315.39,GBP,credit,FPS,NORTHWIND SERVICES,,Salary,synthetic
APPLE PAY STARBUCKS CAMBRIDGE,11.42,GBP,debit,APPLE_PAY,STARBUCKS,5814,Coffee Shops,synthetic
POS JD SPORTS 15084 09/08/2023,243.99,GBP,debit,POS,JD SPORTS,5310,Shopping,synthetic
PAYPAL EASYJET GATWICK 96463,617.87,GBP,debit,PAYPAL,EASYJET,4722,Travel,synthetic
MASTERCARD FIVE GUYS REF 75609379,40.47,GBP,debit,CARD,FIVE GUYS,5812,Dining,synthetic
POS TESCO PETROL LONDON 27075,68.07,GBP,debit,POS,TESCO PETROL,5542,Fuel,synthetic
CARD CAFFE NERO 88603 20241127,11.00,GBP,debit,CARD,CAFFE NERO,5814,Coffee Shops,synthetic
CARD PAYMENT PRET LONDON,8.82,GBP,debit,CARD,PRET,5814,Coffee Shops,synthetic
DIRECT DEBIT HOUSING ASSOCIATION 50072,419.23,GBP,debit,DD,HOUSING ASSOCIATION,6513,Rent/Mortgage,synthetic
CARD PAYMENT SAINSBURYS PETROL BIRMINGHAM 08/08/2026,37.80,GBP,debit,CARD,SAINSBURYS PETROL,5542,Fuel,synthetic
CARD TIM HORTONS,6.49,GBP,debit,CARD,TIM HORTONS,5812,Coffee Shops,synthetic
MASTERCARD BRITISH AIRWAYS HEATHROW,249.71,GBP,debit,CARD,BRITISH AIRWAYS,4511,Travel,synthetic
CASH WITHDRAWAL ATM 22 NOV //,132.76,GBP,debit,ATM,ATM,6011,Cash Withdrawal,synthetic
FPS SELF ASSESSMENT TAX,108.35,GBP,debit,FPS,HMRC,9211,Taxes,synthetic
BACS BOOTS LONDON 22/01/2025,61.07,GBP,debit,BACS,BOOTS,8011,Healthcare,synthetic
STANDING ORDER EDF ENERGY PAYMENT,38.84,GBP,debit,SO,EDF ENERGY,4900,Utilities,synthetic
POS MORRISONS PETROL REF 91612860,33.81,GBP,debit,POS,MORRISONS PETROL,5541,Fuel,synthetic
CARD PAYMENT UNIVERSITY 91205 08/11/2024,264.26,GBP,debit,CARD,UNIVERSITY,8299,Education,synthetic
BACS INCOME TAX PAYMENT,408.78,GBP,debit,BACS,DVLA,9211,Taxes,synthetic
VISA ZARA *,207.31,GBP,debit,CARD,ZARA,5311,Shopping,sandbox
MONTHLY ACCOUNT FEE,36.96,GBP,debit,SO,,6051,Fees,synthetic
POS TESCO PETROL REF 29148862,128.49,GBP,debit,POS,TESCO PETROL,5542,Fuel,synthetic
CARD GETT LEEDS 07MAY,42.90,GBP,debit,CARD,GETT,4111,Transport,synthetic
TRANSFER TO ISA 28JAN,118.46,GBP,credit,TFR,,,Transfers,synthetic
MASTERCARD BRITISH AIRWAYS 45894,367.93,GBP,debit,CARD,BRITISH AIRWAYS,4411,Travel,synthetic
CARD COSTA COFFEE 12971 22 NOV //,9.06,GBP,debit,CARD,COSTA COFFEE,5812,Coffee Shops,synthetic
MASTERCARD MCDONALD'S ,44.55,GBP,debit,CARD,MCDONALD'S,5812,Dining,synthetic
BACS BOOTS PHARMACY LONDON 20240310,65.30,GBP,debit,BACS,BOOTS PHARMACY,5912,Healthcare,synthetic
SQ COSTA COFFEE 28599 24/02/2025,12.37,GBP,debit,SQUARE,COSTA COFFEE,5814,Coffee Shops,synthetic
DD SANTANDER MORTGAGE  17/01/2023,1467.89,GBP,debit,DD,SANTANDER MORTGAGE,6513,Rent/Mortgage,synthetic
VISA EXPEDIA GATWICK,526.44,GBP,debit,CARD,EXPEDIA,4411,Travel,synthetic
TRANSFER TO SAVINGS,4773.47,GBP,credit,TFR,,,Transfers,synthetic
FASTER PAYMENT ACME LIMITED SALARY,2812.43,GBP,credit,FPS,ACME LIMITED,,Salary,synthetic
APPLE PAY PRET A MANGER 34349 25APR,4.91,GBP,debit,APPLE_PAY,PRET A MANGER,5812,Coffee Shops,synthetic
LINK ATM CASH MACHINE LONDON 16028.,369.48,GBP,debit,ATM,CASH MACHINE,6011,Cash Withdrawal,synthetic
CARD PAYMENT NURSERY FEES  27964,84.77,GBP,debit,CARD,NURSERY FEES,8299,Education,synthetic
DD NHS 62484 02/10/2024,79.57,GBP,debit,DD,NHS,5912,Healthcare,synthetic
CARD BOOTS MANCHESTER,10.01,GBP,debit,CARD,BOOTS,8011,Healthcare,synthetic
SO MORE THAN 62642 26/01/2024,56.52,GBP,debit,SO,MORE THAN,5960,Insurance,synthetic
BACS PRIME HIRE LTD SALARY,5728.26,GBP,credit,BACS,PRIME HIRE LTD,,Salary,synthetic
GOOGLE PAY MORRISONS BRISTOL 21667,13.57,GBP,debit,GOOGLE_PAY,MORRISONS,5499,Groceries,synthetic
APPLE PAY NETFLIX.COM  20230608,11.47,GBP,debit,APPLE_PAY,NETFLIX.COM,5968,Subscriptions,synthetic
CARD TESCO PETROL REF 73516094,26.30,GBP,debit,CARD,TESCO PETROL,5172,Fuel,synthetic
BACS DVLA VEHICLE TAX,253.87,GBP,debit,BACS,COUNCIL TAX,9211,Taxes,synthetic
POS POST OFFICE LONDON 97234,128.78,GBP,debit,POS,POST OFFICE,5999,Other,synthetic
FPS COUNCIL TAX,260.46,GBP,debit,FPS,HMRC,9211,Taxes,synthetic
CARD POST OFFICE 68740 27 MAY,121.77,GBP,debit,CARD,POST OFFICE,7299,Other,synthetic
CASH WITHDRAWAL ATM LONDON 15MAY,389.70,GBP,debit,ATM,ATM,6010,Cash Withdrawal,synthetic
VISA AMZN 81348 15 MAY,95.91,GBP,debit,CARD,AMZN,5399,Shopping,synthetic
VISA TEXACO BIRMINGHAM 77039,43.05,GBP,debit,CARD,TEXACO,5542,Fuel,synthetic
CARD PAYMENT MARKS & SPENCER REF 63124147,82.30,GBP,debit,CARD,MARKS & SPENCER,5499,Groceries,synthetic
BACS SCHOOL FEES REF 28885625,178.66,GBP,debit,BACS,SCHOOL FEES,8299,Education,synthetic
DD BT REF 89097226,100.58,GBP,debit,DD,BT,4812,Utilities,synthetic
CARD PAYMENT PREZZO 55067 08/06/2024,22.71,GBP,debit,CARD,PREZZO,5812,Dining,synthetic
BACS KINGS COLLEGE LONDON 52286 20240412,123.36,GBP,debit,BACS,KINGS COLLEGE LONDON,8220,Education,synthetic
CARD BOOTS,27.82,GBP,debit,CARD,BOOTS,8011,Healthcare,synthetic
FPS INCOME TAX PAYMENT,69.32,GBP,debit,FPS,HMRC,9211,Taxes,synthetic
ATM CASH MACHINE 58148,372.28,GBP,debit,ATM,CASH MACHINE,6011,Cash Withdrawal,synthetic
PAYPAL SCHOOL FEES 60343 10 MAY,256.82,GBP,debit,PAYPAL,SCHOOL FEES,8299,Education,synthetic
APPLE PAY AMAZON PRIME ,23.06,GBP,debit,APPLE_PAY,AMAZON PRIME,5968,Subscriptions,synthetic
STANDING ORDER HALIFAX MORTGAGE REF 45804636,1395.76,GBP,debit,SO,HALIFAX MORTGAGE,9399,Rent/Mortgage,synthetic
PAYPAL TFL 54680,71.53,GBP,debit,PAYPAL,TFL,4111,Transport,synthetic
SO UNITED UTILITIES,220.99,GBP,debit,SO,UNITED UTILITIES,4814,Utilities,synthetic
SQ GREGGS ,13.53,GBP,debit,SQUARE,GREGGS,5812,Coffee Shops,synthetic
APPLE PAY MCDONALDS,54.04,GBP,debit,APPLE_PAY,MCDONALDS,5814,Dining,synthetic
CARD PAYMENT UNIVERSITY 27908 17/11/2026,34.59,GBP,debit,CARD,UNIVERSITY,8220,Education,synthetic
CARD PAYMENT MORRISONS MANCHESTER 20241221,21.42,GBP,debit,CARD,MORRISONS,5499,Groceries,synthetic
POS BOOTS PHARMACY 81470,12.92,GBP,debit,POS,BOOTS PHARMACY,8021,Healthcare,synthetic
VISA SPOTIFY  64647,32.12,GBP,debit,CARD,SPOTIFY,5734,Subscriptions,synthetic
CARD KFC ,81.77,GBP,debit,CARD,KFC,5812,Dining,synthetic
PAYPAL STEAM ,72.27,GBP,debit,PAYPAL,STEAM,7922,Entertainment,synthetic
FASTER PAYMENT BLUEFIN SOLUTIONS SALARY,4909.96,GBP,credit,FPS,BLUEFIN SOLUTIONS,,Salary,synthetic
TRANSFER TO EASY ACCESS SAVER 10/09/2025,4227.18,GBP,credit,TFR,,,Transfers,synthetic
OVERDRAFT INTEREST CHARGE,10.48,GBP,debit,SO,HSBC,6051,Fees,synthetic
POS GOV.UK,153.96,GBP,debit,POS,GOV.UK,7299,Other,synthetic
TFR TO JOINT ACCOUNT 14 AUG,4362.19,GBP,credit,TFR,,,Transfers,synthetic
BACS SALARY NORTHWIND SERVICES 12MAR,5234.37,GBP,credit,BACS,NORTHWIND SERVICES,,Salary,synthetic
ATM LINK ATM LONDON,418.69,GBP,debit,ATM,LINK ATM,6011,Cash Withdrawal,synthetic
POS STARBUCKS CAMBRIDGE 67281,11.20,GBP,debit,POS,STARBUCKS,5812,Coffee Shops,synthetic
CARD PAYMENT RNLI 26967,47.32,GBP,debit,CARD,RNLI,8398,Charity,synthetic
MASTERCARD ESSO 66609,126.45,GBP,debit,CARD,ESSO,5542,Fuel,synthetic
CARD PAYMENT GETT *,84.53,GBP,debit,CARD,GETT,4789,Transport,synthetic
CARD PAYMENT POST OFFICE,116.47,GBP,debit,CARD,POST OFFICE,5999,Other,synthetic
DIRECT DEBIT SSE,243.57,GBP,debit,DD,SSE,4812,Utilities,synthetic
CARD STEAM REF 25475060,49.20,GBP,debit,CARD,STEAM,7832,Entertainment,synthetic
FPS ALEX TAYLOR 55-66-77 11223344 RENT JULY,2408.75,GBP,debit,BACS,NATIONWIDE MORTGAGE,9399,Rent/Mortgage,synthetic
CARD PAYMENT SAINSBURYS LONDON 50451,57.62,GBP,debit,CARD,SAINSBURYS,5300,Groceries,synthetic
CARD PAYMENT DENTAL REF 55995226,11.29,GBP,debit,CARD,DENTAL,5912,Healthcare,synthetic
CARD MICROSOFT 365  60692,34.10,GBP,debit,CARD,MICROSOFT 365,5734,Subscriptions,synthetic
POS AMAZON.CO.UK 59766 05/01/2026,154.96,GBP,debit,POS,AMAZON.CO.UK,5311,Shopping,synthetic
STRIPE JOHN LEWIS MANCHESTER,33.43,GBP,debit,STRIPE,JOHN LEWIS,5691,Shopping,synthetic
CARD DROPBOX  19/06/2026,5.02,GBP,debit,CARD,DROPBOX,5968,Subscriptions,synthetic
CARD LASTMINUTE.COM GATWICK 19/01/2024,469.87,GBP,debit,CARD,LASTMINUTE.COM,4722,Travel,synthetic
CARD EASYJET HEATHROW 72501,50.02,GBP,debit,CARD,EASYJET,4511,Travel,synthetic
LINK ATM LINK ATM MANCHESTER,82.72,GBP,debit,ATM,LINK ATM,6010,Cash Withdrawal,synthetic
POS COOP,102.16,GBP,debit,POS,COOP,5499,Groceries,synthetic
SO AVIVA 23594,344.26,GBP,debit,SO,AVIVA,6300,Insurance,synthetic
VISA NANDOS EDINBURGH 20260916,59.72,GBP,debit,CARD,NANDOS,5812,Dining,synthetic
DD INCOME TAX PAYMENT,471.41,GBP,debit,DD,HMRC,9211,Taxes,synthetic
BACS BHF LONDON 58690 *,42.30,GBP,debit,BACS,BHF,8398,Charity,synthetic
ACCOUNT FEE LLOYDS,24.23,GBP,debit,SO,LLOYDS,6051,Fees,synthetic
DD OPEN UNIVERSITY,334.41,GBP,debit,DD,OPEN UNIVERSITY,8220,Education,synthetic
PAYPAL ARRIVA  74302,73.45,GBP,debit,PAYPAL,ARRIVA,4131,Transport,synthetic
BACS KINGS COLLEGE LONDON 86782,83.55,GBP,debit,BACS,KINGS COLLEGE LONDON,8299,Education,synthetic
OVERDRAFT INTEREST CHARGE,13.30,GBP,debit,DD,HALIFAX,6051,Fees,synthetic
BACS HM REVENUE & CUSTOMS,468.03,GBP,debit,BACS,COUNCIL TAX,9399,Taxes,synthetic
VISA TRAVELODGE 44964 11/01/2026,358.57,GBP,debit,CARD,TRAVELODGE,4411,Travel,synthetic
CARD EASYJET GATWICK 19/04/2024,309.84,GBP,debit,CARD,EASYJET,4411,Travel,synthetic
PAYPAL H&M //,34.49,GBP,debit,PAYPAL,H&M,5399,Shopping,synthetic
POS VUE REF 19374071,138.55,GBP,debit,POS,VUE,7922,Entertainment,synthetic
POS CURRY'S 46918,256.81,GBP,debit,POS,CURRY'S,5311,Shopping,synthetic
PAYPAL NOW TV 74365 12/11/2026,34.36,GBP,debit,PAYPAL,NOW TV,5734,Subscriptions,synthetic
FPS ACME LTD PAYROLL REF 95971790 20231223,1845.84,GBP,credit,FPS,ACME LTD,,Salary,synthetic
POS DRY CLEANERS ,192.44,GBP,debit,POS,DRY CLEANERS,7299,Other,synthetic
VISA TIM HORTONS REF 36962876 *,10.37,GBP,debit,CARD,TIM HORTONS,5812,Coffee Shops,synthetic
MASTERCARD SHELL 41174,122.73,GBP,debit,CARD,SHELL,5172,Fuel,synthetic
SQ NERO OXFORD 54357,3.39,GBP,debit,SQUARE,NERO,5812,Coffee Shops,synthetic
VISA SHELL 37893 20240606,82.38,GBP,debit,CARD,SHELL,5542,Fuel,synthetic
CARD PAYMENT POST OFFICE 69087 10 JUN //,108.31,GBP,debit,CARD,POST OFFICE,7299,Other,synthetic
VISA DOMINO'S 30608,22.44,GBP,debit,CARD,DOMINO'S,5812,Dining,synthetic
POS DRY CLEANERS LONDON,62.08,GBP,debit,POS,DRY CLEANERS,5999,Other,synthetic
VISA CURRYS  20240327,176.22,GBP,debit,CARD,CURRYS,5691,Shopping,synthetic
MASTERCARD MCDONALD'S GLASGOW 12/05/2025,79.13,GBP,debit,CARD,MCDONALD'S,5812,Dining,synthetic
DD SCOTTISH POWER REF 66344563,284.45,GBP,debit,DD,SCOTTISH POWER,4812,Utilities,synthetic
POS NANDOS 12775 27JUL,54.96,GBP,debit,POS,NANDOS,5814,Dining,synthetic
VISA JET 9043 //,52.36,GBP,debit,CARD,JET,5541,Fuel,synthetic
FASTER PAYMENT TO SAVINGS REF 51009388,4761.84,GBP,credit,FPS,,,Transfers,synthetic
VISA EUROSTAR HEATHROW //,446.57,GBP,debit,CARD,EUROSTAR,4722,Travel,synthetic
FASTER PAYMENT SALARY GLOBEX CORP,4356.34,GBP,credit,FPS,GLOBEX CORP,,Salary,synthetic
BACS MORE THAN 52354.,271.89,GBP,debit,BACS,MORE THAN,6300,Insurance,synthetic
SO MONTHLY RENT  21802,974.56,GBP,debit,SO,MONTHLY RENT,9399,Rent/Mortgage,synthetic
DD NEWCASTLE COLLEGE 50471 04 JUN,462.36,GBP,debit,DD,NEWCASTLE COLLEGE,8220,Education,synthetic
MONTHLY ACCOUNT FEE,31.79,GBP,debit,DD,BARCLAYS,6051,Fees,synthetic
FPS TO SAVINGS 04MAY,2342.62,GBP,credit,FPS,,,Transfers,synthetic
FPS HM REVENUE & CUSTOMS,68.01,GBP,debit,FPS,HM REVENUE & CUSTOMS,9211,Taxes,synthetic
PAYPAL SPORTS DIRECT LONDON 7268.,184.80,GBP,debit,PAYPAL,SPORTS DIRECT,5310,Shopping,synthetic
SQ CAFFE NERO 18984 10/11/2025,6.61,GBP,debit,SQUARE,CAFFE NERO,5814,Coffee Shops,synthetic
CARD LASTMINUTE.COM 86843.,649.54,GBP,debit,CARD,LASTMINUTE.COM,4511,Travel,synthetic
APPLE PAY STARBUCKS OXFORD 68925,5.07,GBP,debit,APPLE_PAY,STARBUCKS,5814,Coffee Shops,synthetic
CARD SKY STORE,125.83,GBP,debit,CARD,SKY STORE,7922,Entertainment,synthetic
PAYPAL UNIVERSITY,310.02,GBP,debit,PAYPAL,UNIVERSITY,8220,Education,synthetic
CARD PAYMENT SCHOOL FEES 68540,207.88,GBP,debit,CARD,SCHOOL FEES,8299,Education,synthetic
STANDING ORDER E.ON,169.08,GBP,debit,SO,E.ON,4899,Utilities,synthetic
BACS INCOME TAX PAYMENT,97.42,GBP,debit,BACS,DVLA,9399,Taxes,synthetic
CARD PAYMENT BOOTS LONDON,91.08,GBP,debit,CARD,BOOTS,8049,Healthcare,synthetic
BACS SCHOOL FEES  56321,88.72,GBP,debit,BACS,SCHOOL FEES,8220,Education,synthetic
DIRECT DEBIT SCOTTISH POWER PAYMENT,156.05,GBP,debit,DD,SCOTTISH POWER,4899,Utilities,synthetic
VISA BLACK SHEEP COFFEE CAMBRIDGE 12/01/2026 *,14.79,GBP,debit,CARD,BLACK SHEEP COFFEE,5814,Coffee Shops,synthetic
CARD JUSTGIVING LONDON,13.51,GBP,debit,CARD,JUSTGIVING,8398,Charity,synthetic
CARD PAYMENT DVLA VEHICLE TAX,285.22,GBP,debit,CARD,DVLA,9211,Taxes,synthetic
LINK ATM CASH MACHINE REF 51568151,149.56,GBP,debit,ATM,CASH MACHINE,6010,Cash Withdrawal,synthetic
SO EDF ENERGY PAYMENT,112.85,GBP,debit,SO,EDF ENERGY,4814,Utilities,synthetic
FPS SALARY BLUEFIN SOLUTIONS 20240912,4365.40,GBP,credit,FPS,BLUEFIN SOLUTIONS,,Salary,synthetic
CASH WITHDRAWAL LINK ATM LONDON 50201,388.38,GBP,debit,ATM,LINK ATM,6011,Cash Withdrawal,synthetic
POS NINTENDO ESHOP 16MAR //,36.13,GBP,debit,POS,NINTENDO ESHOP,7999,Entertainment,synthetic
GOOGLE PAY ASDA MANCHESTER,19.19,GBP,debit,GOOGLE_PAY,ASDA,5300,Groceries,synthetic
APPLE PAY APPLE.COM/BILL ,25.87,GBP,debit,APPLE_PAY,APPLE.COM/BILL,5968,Subscriptions,synthetic
VISA ARGOS 79615 20250616,56.60,GBP,debit,CARD,ARGOS,5310,Shopping,synthetic
DD INCOME TAX PAYMENT,57.32,GBP,debit,DD,COUNCIL TAX,9399,Taxes,synthetic
BACS COUNCIL TAX,118.64,GBP,debit,BACS,COUNCIL TAX,9399,Taxes,synthetic
CARD CURRY'S,45.73,GBP,debit,CARD,CURRY'S,5311,Shopping,synthetic
CASH WITHDRAWAL FEE,16.49,GBP,debit,DD,NATIONWIDE,6051,Fees,synthetic
VISA LASTMINUTE.COM REF 39249849,591.57,GBP,debit,CARD,LASTMINUTE.COM,4511,Travel,synthetic
DD HMRC PAYMENT,326.46,GBP,debit,DD,HM REVENUE & CUSTOMS,9211,Taxes,synthetic
VISA SEE TICKETS MANCHESTER,40.48,GBP,debit,CARD,SEE TICKETS,7999,Entertainment,synthetic
FPS MONTHLY SALARY ACME LIMITED,5013.39,GBP,credit,FPS,ACME LIMITED,,Salary,synthetic
APPLE PAY CAFE LOCAL 12899,3.72,GBP,debit,APPLE_PAY,CAFE LOCAL,5814,Coffee Shops,synthetic
TFR TO SAVINGS ACCOUNT REF 78212439,3534.67,GBP,credit,TFR,,,Transfers,synthetic
POS SPORTS DIRECT  07JUN,251.33,GBP,debit,POS,SPORTS DIRECT,5399,Shopping,synthetic
POS HAIRDRESSERS 15968,112.96,GBP,debit,POS,HAIRDRESSERS,7299,Other,synthetic
PACKAGED ACCOUNT FEE,41.69,GBP,debit,DD,BARCLAYS,6051,Fees,synthetic
CARD DISNEY+,31.44,GBP,debit,CARD,DISNEY+,5968,Subscriptions,synthetic
TFR TO SAVINGS,1271.78,GBP,credit,TFR,,,Transfers,synthetic
CARD TRAVELODGE GATWICK 07JAN,271.57,GBP,debit,CARD,TRAVELODGE,4411,Travel,synthetic
BACS DRY CLEANERS 42816 20250512,138.82,GBP,debit,BACS,DRY CLEANERS,5999,Other,synthetic
CARD APPLE.COM/BILL 51315 16MAY,8.17,GBP,debit,CARD,APPLE.COM/BILL,4899,Subscriptions,synthetic
CARD PAYMENT SUBWAY CARDIFF 27/11/2026,72.36,GBP,debit,CARD,SUBWAY,5814,Dining,synthetic
STANDING ORDER EON PAYMENT,182.33,GBP,debit,SO,EON,4812,Utilities,synthetic
PAYPAL SEE TICKETS  13 JAN,84.31,GBP,debit,PAYPAL,SEE TICKETS,7832,Entertainment,synthetic
STANDING ORDER L&Q 6254,739.84,GBP,debit,SO,L&Q,9399,Rent/Mortgage,synthetic
FASTER PAYMENT INNOTECH LTD SALARY,5183.38,GBP,credit,FPS,INNOTECH LTD,,Salary,synthetic
PAYPAL UNIVERSITY REF 27710723,462.23,GBP,debit,PAYPAL,UNIVERSITY,8299,Education,synthetic
CARD PAYMENT STARBUCKS CAMBRIDGE 97789.,9.09,GBP,debit,CARD,STARBUCKS,5814,Coffee Shops,synthetic
APPLE PAY SAINSBURY'S 3894 08SEP,22.89,GBP,debit,APPLE_PAY,SAINSBURY'S,5411,Groceries,synthetic
ATM ATM REF 31266976,357.06,GBP,debit,ATM,ATM,6010,Cash Withdrawal,synthetic
POS BP.,61.68,GBP,debit,POS,BP,5541,Fuel,synthetic
POS HARVESTER,20.23,GBP,debit,POS,HARVESTER,5814,Dining,synthetic
MASTERCARD BP,36.80,GBP,debit,CARD,BP,5542,Fuel,synthetic
CARD PAYMENT BLACK CAB  24 AUG,21.40,GBP,debit,CARD,BLACK CAB,4131,Transport,synthetic
VISA TICKETMASTER,121.90,GBP,debit,CARD,TICKETMASTER,7832,Entertainment,synthetic
CARD MURCO BIRMINGHAM 84058,87.77,GBP,debit,CARD,MURCO,5542,Fuel,sandbox
CARD PAYMENT TUI 19418 17 JAN,795.93,GBP,debit,CARD,TUI,4722,Travel,synthetic
BACS VIRGIN MEDIA PAYMENT,111.65,GBP,debit,BACS,VIRGIN MEDIA,4900,Utilities,synthetic
CARD PREZZO,83.46,GBP,debit,CARD,PREZZO,5814,Dining,synthetic
PAYPAL SKY STORE,84.48,GBP,debit,PAYPAL,SKY STORE,7832,Entertainment,synthetic
FPS PRIME HIRE LTD SALARY 14/06/2023,3858.12,GBP,credit,FPS,PRIME HIRE LTD,,Salary,synthetic
CARD PAYMENT SKY STORE MANCHESTER 21NOV,25.56,GBP,debit,CARD,SKY STORE,7832,Entertainment,synthetic
ATM CASH MACHINE LEEDS 54208,296.01,GBP,debit,ATM,CASH MACHINE,6011,Cash Withdrawal,synthetic
PAYPAL SAVE THE CHILDREN  4678,99.30,GBP,debit,PAYPAL,SAVE THE CHILDREN,8398,Charity,synthetic
APPLE PAY NETFLIX 54694 04/02/2025,5.86,GBP,debit,APPLE_PAY,NETFLIX,4899,Subscriptions,synthetic
VISA ODEON *,25.66,GBP,debit,CARD,ODEON,7832,Entertainment,synthetic
CARD PAYMENT DENTIST 65461,50.86,GBP,debit,CARD,DENTIST,8021,Healthcare,synthetic
MASTERCARD MURCO LONDON 12 JUL,128.22,GBP,debit,CARD,MURCO,5172,Fuel,synthetic
ACCOUNT FEE NATIONWIDE,38.24,GBP,debit,DD,NATIONWIDE,6012,Fees,synthetic
VISA LASTMINUTE.COM 1672 24/11/2023,422.18,GBP,debit,CARD,LASTMINUTE.COM,4722,Travel,synthetic
VISA CURRY'S 38017 25/08/2024,103.60,GBP,debit,CARD,CURRY'S,5311,Shopping,synthetic
POS TESCO EXPRESS LONDON,25.28,GBP,debit,POS,TESCO EXPRESS,5499,Groceries,synthetic
ACCOUNT FEE BARCLAYS,4.32,GBP,debit,DD,BARCLAYS,6012,Fees,synthetic
BACS COURSERA LONDON 35942,373.25,GBP,debit,BACS,COURSERA,8220,Education,synthetic
DIRECT DEBIT LV= 09/11/2025 //,142.97,GBP,debit,DD,LV=,6300,Insurance,synthetic
ACCOUNT FEE NATIONWIDE,17.02,GBP,debit,SO,NATIONWIDE,6012,Fees,synthetic
DD HALIFAX MORTGAGE  86933,538.68,GBP,debit,DD,HALIFAX MORTGAGE,6513,Rent/Mortgage,synthetic
CARD PAYMENT ALDI LEEDS,70.25,GBP,debit,CARD,ALDI,5499,Groceries,synthetic
PAYPAL BETFRED 46240 12 NOV,36.16,GBP,debit,PAYPAL,BETFRED,7999,Entertainment,synthetic
POS HAIRDRESSERS 78754 28 JAN,167.97,GBP,debit,POS,HAIRDRESSERS,7299,Other,synthetic
BACS BHF 4893,7.60,GBP,debit,BACS,BHF,8398,Charity,synthetic
OVERDRAFT FEE,34.62,GBP,debit,DD,NATIONWIDE,6051,Fees,synthetic
DD BHF ,37.70,GBP,debit,DD,BHF,8398,Charity,synthetic
BACS SALARY GLOBEX CORP 04/01/2023,2547.92,GBP,credit,BACS,GLOBEX CORP,,Salary,synthetic
STRIPE NEXT 87450 09/03/2023,9.68,GBP,debit,STRIPE,NEXT,5399,Shopping,synthetic
BACS COUNCIL TAX,37.85,GBP,debit,BACS,HM REVENUE & CUSTOMS,9211,Taxes,synthetic
CARD PAYMENT MORRISONS PETROL //,57.08,GBP,debit,CARD,MORRISONS PETROL,5541,Fuel,synthetic
BACS MONTHLY SALARY GLOBEX CORP,1209.90,GBP,credit,BACS,GLOBEX CORP,,Salary,synthetic
STANDING ORDER SCOTTISH POWER REF 73516387,91.85,GBP,debit,SO,SCOTTISH POWER,4899,Utilities,synthetic
POS JL LONDON 3331,215.06,GBP,debit,POS,JL,5691,Shopping,synthetic
CARD CURRY'S,243.32,GBP,debit,CARD,CURRY'S,5311,Shopping,synthetic
DIRECT DEBIT MORE THAN 75257 04SEP.,393.36,GBP,debit,DD,MORE THAN,5960,Insurance,synthetic
BACS AVIVA  70216,140.07,GBP,debit,BACS,AVIVA,6300,Insurance,synthetic
CARD PAYMENT TIM HORTONS REF 40554079,12.71,GBP,debit,CARD,TIM HORTONS,5814,Coffee Shops,synthetic
FPS DVLA VEHICLE TAX,347.59,GBP,debit,FPS,HMRC,9399,Taxes,synthetic
DD UDEMY NEWCASTLE,324.46,GBP,debit,DD,UDEMY,8299,Education,synthetic
CARD ZIZZI 10457,12.75,GBP,debit,CARD,ZIZZI,5812,Dining,synthetic
FPS COUNCIL TAX,402.60,GBP,debit,FPS,,9211,Taxes,synthetic
VISA GREENE KING 32541 02NOV,27.73,GBP,debit,CARD,GREENE KING,5812,Dining,synthetic
VISA TESCO EXPRESS REF 17672593,17.03,GBP,debit,CARD,TESCO EXPRESS,5499,Groceries,synthetic
PAYPAL GOOGLE STORAGE  16/07/2025,19.45,GBP,debit,PAYPAL,GOOGLE STORAGE,5968,Subscriptions,synthetic
PAYPAL TFL TRAVEL CHARGE BIRMINGHAM,32.93,GBP,debit,PAYPAL,TFL TRAVEL CHARGE,4789,Transport,synthetic
CARD COSTA CAMBRIDGE 97403,8.27,GBP,debit,CARD,COSTA,5814,Coffee Shops,synthetic
DD RENT  20260413,1622.44,GBP,debit,DD,RENT,6513,Rent/Mortgage,synthetic
APPLE PAY TESCO ,57.34,GBP,debit,APPLE_PAY,TESCO,5499,Groceries,synthetic
CARD GREENPEACE REF 68598223,34.98,GBP,debit,CARD,GREENPEACE,8398,Charity,synthetic
PAYPAL APPLE.COM/BILL 42594 21 FEB,31.82,GBP,debit,PAYPAL,APPLE.COM/BILL,5968,Subscriptions,synthetic
PAYPAL BETFRED 36107 20230328,68.95,GBP,debit,PAYPAL,BETFRED,7922,Entertainment,synthetic
CARD BLACK SHEEP COFFEE REF 18325904,5.71,GBP,debit,CARD,BLACK SHEEP COFFEE,5812,Coffee Shops,synthetic
FASTER PAYMENT TO SAVINGS,3048.19,GBP,credit,FPS,,,Transfers,synthetic
VISA DISNEY+ 5268 03/05/2025,13.36,GBP,debit,CARD,DISNEY+,5968,Subscriptions,synthetic
MASTERCARD BA REF 96024494,472.61,GBP,debit,CARD,BA,4511,Travel,synthetic
VISA NINTENDO ESHOP MANCHESTER 15/05/2023,21.12,GBP,debit,CARD,NINTENDO ESHOP,7999,Entertainment,synthetic
SQ TIM HORTONS 51100 //,15.06,GBP,debit,SQUARE,TIM HORTONS,5812,Coffee Shops,synthetic
APPLE PAY GOOGLE ONE 39473 23/12/2023.,13.00,GBP,debit,APPLE_PAY,GOOGLE ONE,5968,Subscriptions,synthetic
FPS ACME LIMITED SALARY,2716.43,GBP,credit,FPS,ACME LIMITED,,Salary,synthetic
POS STEAM 87345 09/02/2026,133.85,GBP,debit,POS,STEAM,7922,Entertainment,synthetic
ATM ATM 78194 25 MAR,236.87,GBP,debit,ATM,ATM,6011,Cash Withdrawal,synthetic
FPS TO SAVINGS REF 98150269,554.85,GBP,credit,FPS,,,Transfers,synthetic
BACS LEGAL & GENERAL ,362.08,GBP,debit,BACS,LEGAL & GENERAL,6300,Insurance,synthetic
CARD RNLI 57952,9.74,GBP,debit,CARD,RNLI,8398,Charity,synthetic
TFR TO SAVINGS ACCOUNT,3257.74,GBP,credit,TFR,,,Transfers,synthetic
CARD SKY STORE  44317,110.78,GBP,debit,CARD,SKY STORE,7832,Entertainment,synthetic
TFR TO JOINT ACCOUNT 07/11/2023,3859.73,GBP,credit,TFR,,,Transfers,synthetic
CARD CAFE LOCAL OXFORD 01 FEB,6.31,GBP,debit,CARD,CAFE LOCAL,5814,Coffee Shops,synthetic
VISA BA 99376,791.03,GBP,debit,CARD,BA,4722,Travel,synthetic
ATM ATM 74499,197.15,GBP,debit,ATM,ATM,6010,Cash Withdrawal,synthetic
PAYPAL TRANSPORT FOR LONDON LONDON 93074,28.87,GBP,debit,PAYPAL,TRANSPORT FOR LONDON,4121,Transport,synthetic
PAYPAL CURRYS,93.06,GBP,debit,PAYPAL,CURRYS,5691,Shopping,synthetic
BACS HMRC PAYMENT,369.69,GBP,debit,BACS,COUNCIL TAX,9211,Taxes,synthetic
APPLE PAY TFL LONDON 20260102,61.52,GBP,debit,APPLE_PAY,TFL,4131,Transport,synthetic
CARD PAYMENT UDEMY ,462.48,GBP,debit,CARD,UDEMY,8220,Education,synthetic
FOREIGN TRANSACTION FEE,17.38,GBP,debit,SO,,6012,Fees,synthetic
CARD PIZZA HUT 20758,63.53,GBP,debit,CARD,PIZZA HUT,5812,Dining,synthetic
CARD PAYMENT CO-OP 16299 15/06/2025,41.38,GBP,debit,CARD,CO-OP,5300,Groceries,synthetic
CARD BA REF 28969191,405.65,GBP,debit,CARD,BA,4411,Travel,synthetic
POS SPORTS DIRECT MANCHESTER 43510,208.42,GBP,debit,POS,SPORTS DIRECT,5311,Shopping,synthetic
APPLE PAY MCDONALD'S,58.05,GBP,debit,APPLE_PAY,MCDONALD'S,5812,Dining,synthetic
POS COOP 46177,82.49,GBP,debit,POS,COOP,5300,Groceries,synthetic
TFR TO SAVINGS 02OCT REF 53339075,3528.79,GBP,credit,TFR,,,Transfers,synthetic
CARD PAYMENT M&S LEEDS 21MAY,72.32,GBP,debit,CARD,M&S,5300,Groceries,synthetic
POS TEXACO 63998,27.90,GBP,debit,POS,TEXACO,5542,Fuel,synthetic
CARD SPOTIFY PREMIUM 71351,14.74,GBP,debit,CARD,SPOTIFY PREMIUM,5968,Subscriptions,synthetic
BACS JUSTGIVING REF 89948092,78.04,GBP,debit,BACS,JUSTGIVING,8398,Charity,synthetic
MASTERCARD AIRBNB 50893 01NOV //,61.32,GBP,debit,CARD,AIRBNB,4411,Travel,synthetic
PAYPAL NURSERY FEES,181.68,GBP,debit,PAYPAL,NURSERY FEES,8220,Education,synthetic
PAYPAL VUE CINEMA MANCHESTER 04NOV,112.94,GBP,debit,PAYPAL,VUE CINEMA,7999,Entertainment,synthetic
FASTER PAYMENT ACME LIMITED PAYROLL,2543.06,GBP,credit,FPS,ACME LIMITED,,Salary,synthetic
CARD DISNEY+  2327,26.88,GBP,debit,CARD,DISNEY+,5968,Subscriptions,synthetic
CARD PAYMENT ESSO 02MAY *,115.10,GBP,debit,CARD,ESSO,5541,Fuel,synthetic
LATE PAYMENT FEE,31.21,GBP,debit,SO,HSBC,6051,Fees,synthetic
POS NATIONAL RAIL LEEDS 7032,51.86,GBP,debit,POS,NATIONAL RAIL,4111,Transport,synthetic
PACKAGED ACCOUNT FEE,35.14,GBP,debit,DD,NATIONWIDE,6051,Fees,synthetic
APPLE PAY ALDI 83986.,39.82,GBP,debit,APPLE_PAY,ALDI,5300,Groceries,synthetic
VISA NOW TV ,32.57,GBP,debit,CARD,NOW TV,5734,Subscriptions,synthetic
DD KINGS COLLEGE LONDON  82355,368.30,GBP,debit,DD,KINGS COLLEGE LONDON,8299,Education,synthetic
DD PRUDENTIAL ,188.05,GBP,debit,DD,PRUDENTIAL,5960,Insurance,synthetic
PAYPAL STEAM GAMES REF 48424310,83.74,GBP,debit,PAYPAL,STEAM GAMES,7999,Entertainment,synthetic
FASTER PAYMENT HALCYON GROUP PAYROLL REF 37954684,2898.89,GBP,credit,FPS,HALCYON GROUP,,Salary,synthetic
CARD JET MANCHESTER 38632,33.46,GBP,debit,CARD,JET,5541,Fuel,synthetic
VISA ZIZZI 78274 20260316,19.50,GBP,debit,CARD,ZIZZI,5814,Dining,synthetic
CARD BUPA MANCHESTER.,38.09,GBP,debit,CARD,BUPA,8049,Healthcare,synthetic
CARD HARVESTER REF 60142505,26.31,GBP,debit,CARD,HARVESTER,5814,Dining,synthetic
ATM ATM LONDON 17APR,232.47,GBP,debit,ATM,ATM,6011,Cash Withdrawal,synthetic
MASTERCARD JET2  72230,175.20,GBP,debit,CARD,JET2,4722,Travel,synthetic
APPLE PAY CAFFE NERO  35960,12.11,GBP,debit,APPLE_PAY,CAFFE NERO,5812,Coffee Shops,synthetic
CARD MACMILLAN REF 75775327,54.63,GBP,debit,CARD,MACMILLAN,8398,Charity,synthetic
BACS BLUEFIN SOLUTIONS PAYROLL,2132.35,GBP,credit,BACS,BLUEFIN SOLUTIONS,,Salary,synthetic
VISA WAITROSE BIRMINGHAM 48064,82.61,GBP,debit,CARD,WAITROSE,5300,Groceries,synthetic
CARD PAYMENT DRY CLEANERS LONDON 08/12/2023,192.14,GBP,debit,CARD,DRY CLEANERS,7299,Other,synthetic
DD SPECSAVERS REF 97924151,149.82,GBP,debit,DD,SPECSAVERS,5912,Healthcare,synthetic
VISA ASDA LONDON,48.47,GBP,debit,CARD,ASDA,5411,Groceries,synthetic
DD SKY BROADBAND REF 10410356,95.78,GBP,debit,DD,SKY BROADBAND,4814,Utilities,synthetic
BACS MONTHLY SALARY HALCYON GROUP,1745.88,GBP,credit,BACS,HALCYON GROUP,,Salary,synthetic
BACS SSE,250.87,GBP,debit,BACS,SSE,4812,Utilities,synthetic
FASTER PAYMENT PRIME HIRE LTD PAYROLL,5129.93,GBP,credit,FPS,PRIME HIRE LTD,,Salary,sandbox
CASH WITHDRAWAL FEE,24.14,GBP,debit,SO,BARCLAYS,6051,Fees,synthetic
APPLE PAY TESCO LONDON 75565,13.31,GBP,debit,APPLE_PAY,TESCO,5499,Groceries,synthetic
TFR TO SAVINGS ACCOUNT,1044.50,GBP,credit,TFR,,,Transfers,synthetic
FOREIGN TRANSACTION FEE,25.12,GBP,debit,SO,LLOYDS,6051,Fees,synthetic
FPS ALEX TAYLOR 55-66-77 11223344 RENT JULY,959.44,GBP,debit,BACS,NATIONWIDE MORTGAGE,9399,Rent/Mortgage,synthetic
CARD BRITISH HEART FOUNDATION ,2.15,GBP,debit,CARD,BRITISH HEART FOUNDATION,8398,Charity,synthetic
CARD PAYMENT SPOTIFY PREMIUM  39338,18.68,GBP,debit,CARD,SPOTIFY PREMIUM,4899,Subscriptions,sandbox
CARD JD SPORTS,162.57,GBP,debit,CARD,JD SPORTS,5691,Shopping,synthetic
DD DVLA VEHICLE TAX,343.89,GBP,debit,DD,,9399,Taxes,synthetic
CARD COOP LONDON,20.83,GBP,debit,CARD,COOP,5300,Groceries,synthetic
BACS NHS 25363,21.88,GBP,debit,BACS,NHS,8011,Healthcare,synthetic
CARD JUSTGIVING,84.30,GBP,debit,CARD,JUSTGIVING,8398,Charity,synthetic
DD SUPERDRUG 92242,40.77,GBP,debit,DD,SUPERDRUG,8049,Healthcare,synthetic
BACS PASSPORT OFFICE LONDON,70.08,GBP,debit,BACS,PASSPORT OFFICE,7299,Other,synthetic
APPLE PAY ADOBE 60498,21.61,GBP,debit,APPLE_PAY,ADOBE,5968,Subscriptions,synthetic
POS SKY STORE 25146 20250113,117.93,GBP,debit,POS,SKY STORE,7832,Entertainment,synthetic
DD BRITISH GAS REF 60636474,221.77,GBP,debit,DD,BRITISH GAS,4812,Utilities,synthetic
PACKAGED ACCOUNT FEE,39.15,GBP,debit,SO,NATIONWIDE,6051,Fees,synthetic
TRANSFER TO SAVINGS 20260122,4510.80,GBP,credit,TFR,,,Transfers,synthetic
SO AVIVA,223.06,GBP,debit,SO,AVIVA,6300,Insurance,synthetic
VISA TRAVELODGE,232.78,GBP,debit,CARD,TRAVELODGE,4411,Travel,synthetic
PAYPAL EXPEDIA 86554 20260412,254.62,GBP,debit,PAYPAL,EXPEDIA,4411,Travel,synthetic
CARD TRAINLINE REF 88813775,74.40,GBP,debit,CARD,TRAINLINE,4131,Transport,synthetic
CARD EASYJET HEATHROW 81267,699.72,GBP,debit,CARD,EASYJET,4411,Travel,synthetic
BACS SALARY ACME LTD,5274.08,GBP,credit,BACS,ACME LTD,,Salary,synthetic
VISA MURCO 32540,36.10,GBP,debit,CARD,MURCO,5542,Fuel,synthetic
FPS ACME LIMITED SALARY,4443.15,GBP,credit,FPS,ACME LIMITED,,Salary,synthetic
PAYPAL TRANSPORT FOR LONDON BIRMINGHAM 37952,30.07,GBP,debit,PAYPAL,TRANSPORT FOR LONDON,4131,Transport,synthetic
SO PRUDENTIAL 51673,320.85,GBP,debit,SO,PRUDENTIAL,6300,Insurance,synthetic
BACS BOOTS PHARMACY,132.29,GBP,debit,BACS,BOOTS PHARMACY,8049,Healthcare,synthetic
DIRECT DEBIT O2 PAYMENT,30.12,GBP,debit,DD,O2,4899,Utilities,synthetic
POS FIVE GUYS 39224.,81.45,GBP,debit,POS,FIVE GUYS,5814,Dining,synthetic
ATM ATM 91622.,191.95,GBP,debit,ATM,ATM,6011,Cash Withdrawal,synthetic
FOREIGN TRANSACTION FEE,3.53,GBP,debit,SO,HSBC,6012,Fees,synthetic
SO O2 PAYMENT,27.69,GBP,debit,SO,O2,4899,Utilities,synthetic
CARD MACMILLAN  76308,26.27,GBP,debit,CARD,MACMILLAN,8398,Charity,synthetic
BACS LV 19/11/2025.,205.92,GBP,debit,BACS,LV,5960,Insurance,synthetic
BACS SELF ASSESSMENT TAX,304.70,GBP,debit,BACS,HMRC,9399,Taxes,synthetic
STRIPE ZARA,45.27,GBP,debit,STRIPE,ZARA,5310,Shopping,synthetic
CARD PAYMENT GREENPEACE REF 43982285,32.85,GBP,debit,CARD,GREENPEACE,8398,Charity,synthetic
CARD EXPEDIA 24279 24MAR,842.25,GBP,debit,CARD,EXPEDIA,4411,Travel,synthetic
BACS MORTGAGE PAYMENT REF 68096255,2472.24,GBP,debit,BACS,MORTGAGE PAYMENT,6513,Rent/Mortgage,synthetic
DIRECT DEBIT RENT ,896.55,GBP,debit,DD,RENT,6513,Rent/Mortgage,synthetic
CARD PAYMENT WAGAMAMA EDINBURGH 23SEP,60.52,GBP,debit,CARD,WAGAMAMA,5812,Dining,synthetic
BACS DENTAL,117.50,GBP,debit,BACS,DENTAL,8021,Healthcare,synthetic
MASTERCARD MORRISONS PETROL MANCHESTER 04NOV,117.22,GBP,debit,CARD,MORRISONS PETROL,5541,Fuel,synthetic
STRIPE PRIMARK,73.00,GBP,debit,STRIPE,PRIMARK,5311,Shopping,synthetic
DD SELF ASSESSMENT TAX,97.33,GBP,debit,DD,DVLA,9211,Taxes,synthetic
FASTER PAYMENT FROM CURRENT ACCOUNT,2605.60,GBP,credit,FPS,,,Transfers,synthetic
BACS PASSPORT OFFICE REF 86235681,107.94,GBP,debit,BACS,PASSPORT OFFICE,7299,Other,synthetic
CARD JD SPORTS LONDON,113.88,GBP,debit,CARD,JD SPORTS,5399,Shopping,synthetic
DD UDEMY  16399,95.31,GBP,debit,DD,UDEMY,8299,Education,synthetic
STANDING ORDER HALIFAX MORTGAGE REF 78509660,1101.57,GBP,debit,SO,HALIFAX MORTGAGE,9399,Rent/Mortgage,synthetic
CARD ESSO //,120.89,GBP,debit,CARD,ESSO,5172,Fuel,synthetic
PAYPAL UNIVERSITY  54623,397.49,GBP,debit,PAYPAL,UNIVERSITY,8220,Education,synthetic
BANK TRANSFER BETWEEN ACCOUNTS,1408.02,GBP,credit,TFR,,,Transfers,synthetic
DD DIRECT LINE 35017,240.23,GBP,debit,DD,DIRECT LINE,5960,Insurance,synthetic
STRIPE ZARA MANCHESTER 06SEP,167.80,GBP,debit,STRIPE,ZARA,5311,Shopping,synthetic
VISA BURGER KING,49.46,GBP,debit,CARD,BURGER KING,5812,Dining,synthetic
CASH WITHDRAWAL ATM 98009.,167.03,GBP,debit,ATM,ATM,6011,Cash Withdrawal,synthetic
CARD PAYMENT BP REF 85914700,100.92,GBP,debit,CARD,BP,5542,Fuel,synthetic
CARD AMZN 73055,73.40,GBP,debit,CARD,AMZN,5691,Shopping,synthetic
MONTHLY ACCOUNT FEE,44.29,GBP,debit,SO,NATIONWIDE,6012,Fees,synthetic
LINK ATM LINK ATM,282.08,GBP,debit,ATM,LINK ATM,6010,Cash Withdrawal,synthetic
CARD PAYMENT OPEN UNIVERSITY  17421,253.94,GBP,debit,CARD,OPEN UNIVERSITY,8299,Education,synthetic
POS BOOTS PHARMACY MANCHESTER,86.30,GBP,debit,POS,BOOTS PHARMACY,8049,Healthcare,synthetic
CARD PASSPORT OFFICE LONDON 20261116,108.75,GBP,debit,CARD,PASSPORT OFFICE,7299,Other,synthetic
BACS HM REVENUE & CUSTOMS,228.32,GBP,debit,BACS,DVLA,9399,Taxes,synthetic
CARD SPOTIFY 74323,28.40,GBP,debit,CARD,SPOTIFY,4899,Subscriptions,synthetic
POS TRANSPORT FOR LONDON  20230315,41.60,GBP,debit,POS,TRANSPORT FOR LONDON,4789,Transport,synthetic
APPLE PAY DROPBOX REF 13074304,23.03,GBP,debit,APPLE_PAY,DROPBOX,5968,Subscriptions,synthetic
FPS TO SAVINGS,358.00,GBP,credit,FPS,,,Transfers,synthetic
SO LV= 171 20230616,119.53,GBP,debit,SO,LV=,5960,Insurance,synthetic
CARD PAYMENT BLACK SHEEP COFFEE 86656 13APR,14.70,GBP,debit,CARD,BLACK SHEEP COFFEE,5814,Coffee Shops,synthetic
CARD PAYMENT UBER TRIP REF 97824468 //,36.37,GBP,debit,CARD,UBER TRIP,4111,Transport,synthetic
CARD RED CROSS 8961 20230602,52.06,GBP,debit,CARD,RED CROSS,8398,Charity,synthetic
VISA GREGGS REF 61215153,12.69,GBP,debit,CARD,GREGGS,5812,Coffee Shops,synthetic
STANDING ORDER L&Q 45364,1665.81,GBP,debit,SO,L&Q,9399,Rent/Mortgage,synthetic
POS ROYAL MAIL  25 NOV,110.58,GBP,debit,POS,ROYAL MAIL,7299,Other,synthetic
STANDING ORDER BT GROUP PAYMENT,149.04,GBP,debit,SO,BT GROUP,4900,Utilities,synthetic
SQ PRET A MANGER 86723,14.90,GBP,debit,SQUARE,PRET A MANGER,5812,Coffee Shops,synthetic
FPS HM REVENUE & CUSTOMS,199.26,GBP,debit,FPS,DVLA,9399,Taxes,synthetic
APPLE PAY WETHERSPOONS CARDIFF 10618 //,45.97,GBP,debit,APPLE_PAY,WETHERSPOONS,5814,Dining,synthetic
PAYPAL TFL 34236,44.16,GBP,debit,PAYPAL,TFL,4121,Transport,synthetic
POS DENTAL,52.70,GBP,debit,POS,DENTAL,8011,Healthcare,synthetic
DD HM REVENUE & CUSTOMS,412.00,GBP,debit,DD,HMRC,9211,Taxes,synthetic
DIRECT DEBIT LANDLORD REF 37344860,463.18,GBP,debit,DD,LANDLORD,9399,Rent/Mortgage,synthetic
DD COURSERA REF 36330288 *,100.74,GBP,debit,DD,COURSERA,8220,Education,synthetic
ACCOUNT FEE ,32.57,GBP,debit,DD,,6012,Fees,synthetic
BACS HMRC PAYMENT,463.22,GBP,debit,BACS,,9399,Taxes,synthetic
DD AGE UK,34.13,GBP,debit,DD,AGE UK,8398,Charity,synthetic
ATM ATM REF 11586540,26.06,GBP,debit,ATM,ATM,6011,Cash Withdrawal,synthetic
CARD H&M REF 39064063,224.35,GBP,debit,CARD,H&M,5691,Shopping,synthetic
TFR TO JOINT ACCOUNT 24/06/2023 REF 84129978,344.25,GBP,credit,TFR,,,Transfers,synthetic
DD L&Q  92007,1288.70,GBP,debit,DD,L&Q,9399,Rent/Mortgage,sandbox
CARD ZARA,44.46,GBP,debit,CARD,ZARA,5691,Shopping,synthetic
DD SCOTTISH POWER PAYMENT,238.55,GBP,debit,DD,SCOTTISH POWER,4899,Utilities,synthetic
POS IKEA,98.84,GBP,debit,POS,IKEA,5310,Shopping,synthetic
BACS SUPERDRUG  15 DEC,96.93,GBP,debit,BACS,SUPERDRUG,8021,Healthcare,sandbox
PAYPAL TRANSPORT FOR LONDON REF 61561575,18.35,GBP,debit,PAYPAL,TRANSPORT FOR LONDON,4111,Transport,synthetic
FPS SELF ASSESSMENT TAX,402.76,GBP,debit,FPS,DVLA,9211,Taxes,synthetic
POS TESCO EXPRESS LEEDS,116.34,GBP,debit,POS,TESCO EXPRESS,5411,Groceries,synthetic
SO OCTOPUS ENERGY REF 55297384,282.57,GBP,debit,SO,OCTOPUS ENERGY,4900,Utilities,synthetic
CARD MORRISONS ,60.81,GBP,debit,CARD,MORRISONS,5300,Groceries,synthetic
FPS SELF ASSESSMENT TAX,453.98,GBP,debit,FPS,HMRC,9399,Taxes,synthetic
POS GOV.UK REF 59425988 *,108.74,GBP,debit,POS,GOV.UK,7299,Other,synthetic
APPLE PAY TFL,55.91,GBP,debit,APPLE_PAY,TFL,4131,Transport,synthetic
CASH WITHDRAWAL ATM,325.56,GBP,debit,ATM,ATM,6010,Cash Withdrawal,synthetic
PAYPAL DISNEY+ 97494 20240408,23.67,GBP,debit,PAYPAL,DISNEY+,5968,Subscriptions,synthetic
BACS ACME LIMITED PAYROLL,2898.71,GBP,credit,BACS,ACME LIMITED,,Salary,synthetic
FASTER PAYMENT TO SAVINGS 24 JAN REF 59784981,4719.45,GBP,credit,FPS,,,Transfers,synthetic
BACS HAIRDRESSERS LONDON 68463.,92.44,GBP,debit,BACS,HAIRDRESSERS,7299,Other,synthetic
GOOGLE PAY ALDI REF 30695604,51.74,GBP,debit,GOOGLE_PAY,ALDI,5300,Groceries,synthetic
CARD PAYMENT WAITROSE BIRMINGHAM 11SEP,117.75,GBP,debit,CARD,WAITROSE,5411,Groceries,synthetic
APPLE PAY CAFFE NERO 97828 05 MAR,10.55,GBP,debit,APPLE_PAY,CAFFE NERO,5814,Coffee Shops,synthetic
SO ADMIRAL,155.37,GBP,debit,SO,ADMIRAL,6300,Insurance,synthetic
CARD PAYMENT TESCO LONDON,15.03,GBP,debit,CARD,TESCO,5300,Groceries,synthetic
BACS NHS PRESCRIPTION 35535,28.93,GBP,debit,BACS,NHS PRESCRIPTION,5912,Healthcare,synthetic
POS SANTANDER CYCLES MANCHESTER 16529,11.31,GBP,debit,POS,SANTANDER CYCLES,4121,Transport,synthetic
CARD PAYMENT SPOTIFY PREMIUM ,29.20,GBP,debit,CARD,SPOTIFY PREMIUM,5968,Subscriptions,synthetic
STANDING ORDER LV= ,78.96,GBP,debit,SO,LV=,6300,Insurance,sandbox
PAYPAL NATIONAL RAIL,57.92,GBP,debit,PAYPAL,NATIONAL RAIL,4789,Transport,synthetic
FASTER PAYMENT HALCYON GROUP PAYROLL REF 36141770,2142.13,GBP,credit,FPS,HALCYON GROUP,,Salary,synthetic
POS ASDA PETROL LONDON //,24.30,GBP,debit,POS,ASDA PETROL,5542,Fuel,synthetic
FPS HMRC PAYMENT,66.25,GBP,debit,FPS,COUNCIL TAX,9211,Taxes,synthetic
STANDING ORDER BT,287.76,GBP,debit,SO,BT,4899,Utilities,synthetic
MONTHLY ACCOUNT FEE,20.31,GBP,debit,DD,,6012,Fees,synthetic
BACS SAM WILSON 11-22-33 44556677 RENT JUNE,1917.00,GBP,debit,BACS,NATIONWIDE MORTGAGE,6513,Rent/Mortgage,synthetic
APPLE PAY MARKS & SPENCER 51643,53.42,GBP,debit,APPLE_PAY,MARKS & SPENCER,5411,Groceries,synthetic
CARD PAYMENT TFL 76089 12/06/2024,82.05,GBP,debit,CARD,TFL,4121,Transport,synthetic
SO SCOTTISH POWER PAYMENT,278.97,GBP,debit,SO,SCOTTISH POWER,4814,Utilities,synthetic
MASTERCARD TESCO PETROL 76685 20261216.,34.23,GBP,debit,CARD,TESCO PETROL,5542,Fuel,synthetic
MASTERCARD JET2 HEATHROW 18/03/2024 //,165.64,GBP,debit,CARD,JET2,4722,Travel,synthetic
OVERDRAFT INTEREST CHARGE,38.92,GBP,debit,DD,,6051,Fees,synthetic
PAYPAL IKEA  38126,120.77,GBP,debit,PAYPAL,IKEA,5691,Shopping,synthetic
POS TIM HORTONS REF 55748676,12.75,GBP,debit,POS,TIM HORTONS,5814,Coffee Shops,synthetic
VISA NERO,11.78,GBP,debit,CARD,NERO,5814,Coffee Shops,synthetic
POS ROYAL MAIL LONDON,149.81,GBP,debit,POS,ROYAL MAIL,5999,Other,synthetic
APPLE PAY NOW TV 27261 10 SEP,17.56,GBP,debit,APPLE_PAY,NOW TV,5734,Subscriptions,synthetic
BACS JANE DOE 12-34-56 87654321 RENT AUGUST,854.53,GBP,debit,BACS,CLARION HOUSING,9399,Rent/Mortgage,synthetic
CARD ODEON LONDON 20250116,25.48,GBP,debit,CARD,ODEON,7832,Entertainment,synthetic
BACS PRIME HIRE LTD PAYROLL,1585.34,GBP,credit,BACS,PRIME HIRE LTD,,Salary,synthetic
BACS GOV.UK LONDON 11JUN //,151.52,GBP,debit,BACS,GOV.UK,7299,Other,synthetic
FPS SANTANDER MORTGAGE 74226,1849.56,GBP,debit,FPS,SANTANDER MORTGAGE,9399,Rent/Mortgage,synthetic
CARD PAYMENT EXPEDIA HEATHROW,589.95,GBP,debit,CARD,EXPEDIA,4511,Travel,synthetic
CARD TRAINLINE MANCHESTER 17APR,24.58,GBP,debit,CARD,TRAINLINE,4789,Transport,synthetic
SO HOUSING ASSOCIATION REF 12089715,2475.16,GBP,debit,SO,HOUSING ASSOCIATION,9399,Rent/Mortgage,synthetic
APPLE PAY MORRISONS REF 97182566,36.41,GBP,debit,APPLE_PAY,MORRISONS,5300,Groceries,synthetic
CARD NINTENDO ESHOP REF 81273301,49.05,GBP,debit,CARD,NINTENDO ESHOP,7832,Entertainment,synthetic
MASTERCARD RYANAIR GATWICK,861.81,GBP,debit,CARD,RYANAIR,4722,Travel,synthetic
PAYPAL BOOKING.COM LONDON,463.44,GBP,debit,PAYPAL,BOOKING.COM,4411,Travel,synthetic
BACS JANE DOE 12-34-56 87654321 RENT AUGUST,2362.78,GBP,debit,BACS,BARCLAYS MORTGAGE,6513,Rent/Mortgage,synthetic
CARD OXFAM 97639 09JAN,68.73,GBP,debit,CARD,OXFAM,8398,Charity,synthetic
POS BLACK CAB MANCHESTER 19/04/2024,69.28,GBP,debit,POS,BLACK CAB,4789,Transport,synthetic
CARD PAYMENT APPLE MUSIC 07/03/2023.,27.87,GBP,debit,CARD,APPLE MUSIC,5968,Subscriptions,synthetic
CARD SPECSAVERS REF 34283701 //,115.19,GBP,debit,CARD,SPECSAVERS,5912,Healthcare,synthetic
DIRECT DEBIT VIRGIN MEDIA REF 60152461,288.38,GBP,debit,DD,VIRGIN MEDIA,4814,Utilities,synthetic
BACS DIRECT LINE ,192.33,GBP,debit,BACS,DIRECT LINE,6300,Insurance,synthetic
DD LEGAL & GENERAL ,248.35,GBP,debit,DD,LEGAL & GENERAL,6300,Insurance,sandbox
VISA MARKS & SPENCER BIRMINGHAM 09AUG,34.96,GBP,debit,CARD,MARKS & SPENCER,5499,Groceries,synthetic
CARD PAYMENT WAGAMAMA EDINBURGH 58615,19.49,GBP,debit,CARD,WAGAMAMA,5812,Dining,synthetic
FPS ALEX TAYLOR 55-66-77 11223344 RENT JULY,1568.22,GBP,debit,BACS,NATIONWIDE MORTGAGE,9399,Rent/Mortgage,synthetic
DIRECT DEBIT DIRECT LINE,219.82,GBP,debit,DD,DIRECT LINE,5960,Insurance,synthetic
CARD CANCER RESEARCH UK ,27.88,GBP,debit,CARD,CANCER RESEARCH UK,8398,Charity,synthetic
SQ PRET CAMBRIDGE 25798,10.09,GBP,debit,SQUARE,PRET,5812,Coffee Shops,synthetic
OVERDRAFT INTEREST CHARGE,6.38,GBP,debit,SO,HSBC,6051,Fees,synthetic
PACKAGED ACCOUNT FEE,26.35,GBP,debit,DD,LLOYDS,6012,Fees,synthetic
CARD NHS PRESCRIPTION  14447,132.57,GBP,debit,CARD,NHS PRESCRIPTION,8011,Healthcare,synthetic
STANDING ORDER EE REF 82742892,240.30,GBP,debit,SO,EE,4900,Utilities,synthetic
BACS LV 20488 25 SEP,379.92,GBP,debit,BACS,LV,6300,Insurance,synthetic
DIRECT DEBIT ADMIRAL.,282.00,GBP,debit,DD,ADMIRAL,5960,Insurance,synthetic
PAYPAL RED CROSS REF 42705956,82.81,GBP,debit,PAYPAL,RED CROSS,8398,Charity,synthetic
STANDING ORDER O2,110.15,GBP,debit,SO,O2,4899,Utilities,synthetic
DD AGE UK LONDON 20240901,20.81,GBP,debit,DD,AGE UK,8398,Charity,synthetic
STRIPE JD SPORTS REF 97286750,147.23,GBP,debit,STRIPE,JD SPORTS,5310,Shopping,synthetic
VISA WETHERSPOONS LONDON,38.61,GBP,debit,CARD,WETHERSPOONS,5812,Dining,synthetic
BACS PASSPORT OFFICE  20JAN,76.10,GBP,debit,BACS,PASSPORT OFFICE,7299,Other,synthetic
BACS BRITISH HEART FOUNDATION LONDON 81276,87.96,GBP,debit,BACS,BRITISH HEART FOUNDATION,8398,Charity,synthetic
DD MACMILLAN LONDON 34643,45.20,GBP,debit,DD,MACMILLAN,8398,Charity,synthetic
POS FIVE GUYS EDINBURGH *,44.63,GBP,debit,POS,FIVE GUYS,5812,Dining,synthetic
VISA GREENE KING CARDIFF 45243,77.65,GBP,debit,CARD,GREENE KING,5812,Dining,synthetic
DD SAVE THE CHILDREN 52449.,91.82,GBP,debit,DD,SAVE THE CHILDREN,8398,Charity,synthetic
BACS SELF ASSESSMENT TAX,489.90,GBP,debit,BACS,DVLA,9211,Taxes,synthetic
POS CO-OP 90912 24APR,94.70,GBP,debit,POS,CO-OP,5300,Groceries,synthetic
CARD PAYMENT VUE CINEMA REF 66316956 *,86.54,GBP,debit,CARD,VUE CINEMA,7999,Entertainment,synthetic
MASTERCARD SAINSBURYS PETROL LONDON 11APR,103.91,GBP,debit,CARD,SAINSBURYS PETROL,5542,Fuel,synthetic
FPS SALARY PRIME HIRE LTD,3775.05,GBP,credit,FPS,PRIME HIRE LTD,,Salary,synthetic
TFR TO SAVINGS ACCOUNT 09DEC,3642.20,GBP,credit,TFR,,,Transfers,synthetic
APPLE PAY MCDONALD'S GLASGOW //,24.56,GBP,debit,APPLE_PAY,MCDONALD'S,5814,Dining,synthetic
CARD PAYMENT NHS PRESCRIPTION MANCHESTER 03JUN,49.88,GBP,debit,CARD,NHS PRESCRIPTION,5912,Healthcare,synthetic
PAYPAL RYANAIR,156.19,GBP,debit,PAYPAL,RYANAIR,4411,Travel,synthetic
CARD NOWTV  23/06/2026,31.56,GBP,debit,CARD,NOWTV,5734,Subscriptions,synthetic
CARD PAYMENT BLACK SHEEP COFFEE OXFORD,3.87,GBP,debit,CARD,BLACK SHEEP COFFEE,5814,Coffee Shops,synthetic
BACS SELF ASSESSMENT TAX,302.27,GBP,debit,BACS,DVLA,9399,Taxes,synthetic
DD BARCLAYS MORTGAGE,1738.13,GBP,debit,DD,BARCLAYS MORTGAGE,6513,Rent/Mortgage,synthetic
BACS BLUEFIN SOLUTIONS PAYROLL 20240317,3342.48,GBP,credit,BACS,BLUEFIN SOLUTIONS,,Salary,synthetic
CARD PAYMENT BUPA  60636,72.41,GBP,debit,CARD,BUPA,8049,Healthcare,synthetic
MASTERCARD WETHERSPOONS 94640,64.28,GBP,debit,CARD,WETHERSPOONS,5812,Dining,synthetic
VISA JL 69628 26NOV,82.45,GBP,debit,CARD,JL,5311,Shopping,synthetic
OVERDRAFT FEE,20.33,GBP,debit,SO,BARCLAYS,6051,Fees,synthetic
CARD PAYMENT BLACK SHEEP COFFEE 85954 20250712.,14.91,GBP,debit,CARD,BLACK SHEEP COFFEE,5814,Coffee Shops,synthetic
STANDING ORDER ADMIRAL,305.23,GBP,debit,SO,ADMIRAL,5960,Insurance,synthetic
CARD BOOTS 13436 13MAY,74.25,GBP,debit,CARD,BOOTS,8011,Healthcare,synthetic
BACS SAM WILSON 11-22-33 44556677 RENT JUNE,1496.73,GBP,debit,BACS,CLARION HOUSING,6513,Rent/Mortgage,synthetic
STANDING ORDER SEVERN TRENT PAYMENT,82.04,GBP,debit,SO,SEVERN TRENT,4812,Utilities,synthetic
CASH WITHDRAWAL ATM LONDON 27/06/2026,467.89,GBP,debit,ATM,ATM,6011,Cash Withdrawal,synthetic
POS JD SPORTS 6021,122.06,GBP,debit,POS,JD SPORTS,5691,Shopping,synthetic
CARD PAYMENT PRET LONDON 90638,7.30,GBP,debit,CARD,PRET,5814,Coffee Shops,synthetic
TRANSFER TO SAVINGS 20240906 REF 89591271,2141.20,GBP,credit,TFR,,,Transfers,synthetic
CARD PAYMENT STAGECOACH 28859 20240101,9.54,GBP,debit,CARD,STAGECOACH,4111,Transport,synthetic
BACS BUPA LONDON,5.26,GBP,debit,BACS,BUPA,8021,Healthcare,synthetic
CARD PAYMENT AIRBNB GATWICK 23313,165.93,GBP,debit,CARD,AIRBNB,4511,Travel,synthetic
CARD COSTA COFFEE 93842,15.97,GBP,debit,CARD,COSTA COFFEE,5812,Coffee Shops,synthetic
CARD SAINSBURY'S 37225,92.41,GBP,debit,CARD,SAINSBURY'S,5411,Groceries,synthetic
VISA LASTMINUTE.COM 72774 *,645.64,GBP,debit,CARD,LASTMINUTE.COM,4411,Travel,synthetic
CARD AMAZON,10.14,GBP,debit,CARD,AMAZON,5691,Shopping,synthetic
VISA ZIZZI REF 46619573,54.56,GBP,debit,CARD,ZIZZI,5814,Dining,synthetic
CARD STEAM GAMES REF 63787771,136.02,GBP,debit,CARD,STEAM GAMES,7832,Entertainment,synthetic
PAYPAL CINEWORLD REF 51079324,12.23,GBP,debit,PAYPAL,CINEWORLD,7999,Entertainment,synthetic
PAYPAL UDEMY NEWCASTLE,198.70,GBP,debit,PAYPAL,UDEMY,8220,Education,synthetic
POS TEXACO MANCHESTER 8337,72.09,GBP,debit,POS,TEXACO,5541,Fuel,synthetic
CARD GETT MANCHESTER 79219,62.70,GBP,debit,CARD,GETT,4111,Transport,synthetic
LINK ATM ATM LEEDS 23/08/2023,95.10,GBP,debit,ATM,ATM,6011,Cash Withdrawal,synthetic
CARD BA GATWICK,860.35,GBP,debit,CARD,BA,4511,Travel,synthetic
DD SSE REF 33288072,19.58,GBP,debit,DD,SSE,4900,Utilities,synthetic
CARD COOP 72767 19MAY,36.57,GBP,debit,CARD,COOP,5499,Groceries,synthetic
MASTERCARD EASYJET 18387 27/04/2026.,849.79,GBP,debit,CARD,EASYJET,4411,Travel,synthetic
CARD APPLE.COM/BILL,11.23,GBP,debit,CARD,APPLE.COM/BILL,4899,Subscriptions,synthetic
CARD PAYMENT STEAM GAMES MANCHESTER,103.09,GBP,debit,CARD,STEAM GAMES,7922,Entertainment,synthetic
PACKAGED ACCOUNT FEE,20.99,GBP,debit,DD,HSBC,6051,Fees,synthetic
GOOGLE PAY ASDA REF 70467027,12.50,GBP,debit,GOOGLE_PAY,ASDA,5300,Groceries,synthetic
CARD PAYMENT HMRC PAYMENT,81.75,GBP,debit,CARD,COUNCIL TAX,9211,Taxes,synthetic
TFR TO SAVINGS ACCOUNT 10DEC REF 33271861,1818.59,GBP,credit,TFR,,,Transfers,synthetic
STANDING ORDER ADMIRAL ,100.03,GBP,debit,SO,ADMIRAL,5960,Insurance,synthetic
CARD JD SPORTS,154.30,GBP,debit,CARD,JD SPORTS,5310,Shopping,synthetic
PAYPAL RNLI LONDON 27MAY,44.76,GBP,debit,PAYPAL,RNLI,8398,Charity,synthetic
MASTERCARD ZIZZI 3947 03AUG,78.47,GBP,debit,CARD,ZIZZI,5814,Dining,synthetic
TRANSFER TO EASY ACCESS SAVER,4175.22,GBP,credit,TFR,,,Transfers,synthetic
DD HMRC PAYMENT,134.93,GBP,debit,DD,DVLA,9399,Taxes,synthetic
ACCOUNT FEE ,14.90,GBP,debit,SO,,6012,Fees,synthetic
STANDING ORDER BRITISH GAS,56.38,GBP,debit,SO,BRITISH GAS,4812,Utilities,synthetic
CARD VUE,101.01,GBP,debit,CARD,VUE,7832,Entertainment,synthetic
VISA NANDO'S 43581 20251206,71.50,GBP,debit,CARD,NANDO'S,5812,Dining,synthetic
VISA DISNEY PLUS  90497,24.15,GBP,debit,CARD,DISNEY PLUS,5968,Subscriptions,synthetic
FPS DVLA VEHICLE TAX,499.27,GBP,debit,FPS,,9211,Taxes,synthetic
DD COUNCIL TAX,36.09,GBP,debit,DD,HM REVENUE & CUSTOMS,9211,Taxes,synthetic
DD LV= //,345.41,GBP,debit,DD,LV=,5960,Insurance,synthetic
MASTERCARD TEXACO *,113.67,GBP,debit,CARD,TEXACO,5541,Fuel,synthetic
CARD PAYMENT APPLE.COM/BILL  24OCT,24.95,GBP,debit,CARD,APPLE.COM/BILL,5734,Subscriptions,synthetic
CARD NHS,122.33,GBP,debit,CARD,NHS,8021,Healthcare,synthetic
LINK ATM LINK ATM 89015 27APR,474.54,GBP,debit,ATM,LINK ATM,6011,Cash Withdrawal,synthetic
BACS PRIME HIRE LTD PAYROLL REF 31036065,4909.81,GBP,credit,BACS,PRIME HIRE LTD,,Salary,synthetic
MASTERCARD JET LONDON,76.24,GBP,debit,CARD,JET,5172,Fuel,synthetic
POS TICKETMASTER MANCHESTER 52003,103.03,GBP,debit,POS,TICKETMASTER,7832,Entertainment,synthetic
VISA WAGAMAMA LONDON 33640,42.93,GBP,debit,CARD,WAGAMAMA,5814,Dining,synthetic
APPLE PAY KFC,56.95,GBP,debit,APPLE_PAY,KFC,5812,Dining,synthetic
PAYPAL BHF ,73.48,GBP,debit,PAYPAL,BHF,8398,Charity,synthetic
VISA TICKETMASTER REF 32676550,126.49,GBP,debit,CARD,TICKETMASTER,7999,Entertainment,synthetic
PACKAGED ACCOUNT FEE,20.72,GBP,debit,SO,,6051,Fees,synthetic
DD NHS LONDON 14 AUG,130.00,GBP,debit,DD,NHS,5912,Healthcare,synthetic
PAYPAL NSPCC,65.33,GBP,debit,PAYPAL,NSPCC,8398,Charity,synthetic
CARD PAYMENT APPLE.COM/BILL  45549,10.47,GBP,debit,CARD,APPLE.COM/BILL,5734,Subscriptions,synthetic
FPS SALARY ACME LTD,5519.27,GBP,credit,FPS,ACME LTD,,Salary,synthetic
CARD PAYMENT COURSERA LONDON,470.74,GBP,debit,CARD,COURSERA,8299,Education,synthetic
TFR TO SAVINGS ACCOUNT REF 76619163,640.38,GBP,credit,TFR,,,Transfers,synthetic
SO BARCLAYS MORTGAGE  15620,1219.30,GBP,debit,SO,BARCLAYS MORTGAGE,6513,Rent/Mortgage,synthetic
DIRECT DEBIT SEVERN TRENT PAYMENT,187.45,GBP,debit,DD,SEVERN TRENT,4900,Utilities,synthetic
CARD PAYMENT GETT MANCHESTER,67.42,GBP,debit,CARD,GETT,4789,Transport,synthetic
CARD NETFLIX.COM,29.19,GBP,debit,CARD,NETFLIX.COM,4899,Subscriptions,synthetic
CASH WITHDRAWAL CASH MACHINE MANCHESTER 46387 *,276.94,GBP,debit,ATM,CASH MACHINE,6011,Cash Withdrawal,synthetic
SQ CAFE LOCAL REF 85341065,14.87,GBP,debit,SQUARE,CAFE LOCAL,5812,Coffee Shops,synthetic
LINK ATM LINK ATM LEEDS,45.51,GBP,debit,ATM,LINK ATM,6010,Cash Withdrawal,synthetic
POS MCDONALD'S,41.37,GBP,debit,POS,MCDONALD'S,5812,Dining,synthetic
STANDING ORDER MORTGAGE PAYMENT REF 31381637,2041.34,GBP,debit,SO,MORTGAGE PAYMENT,9399,Rent/Mortgage,synthetic
VISA COSTA COFFEE ,6.14,GBP,debit,CARD,COSTA COFFEE,5814,Coffee Shops,synthetic
FPS HMRC PAYMENT,125.10,GBP,debit,FPS,DVLA,9399,Taxes,synthetic
VISA TESCO PETROL BIRMINGHAM 20240812,109.27,GBP,debit,CARD,TESCO PETROL,5172,Fuel,synthetic
VISA CAFE LOCAL 51620,12.20,GBP,debit,CARD,CAFE LOCAL,5814,Coffee Shops,synthetic
CARD PAYMENT M&S 23505 26JUN,48.07,GBP,debit,CARD,M&S,5411,Groceries,synthetic
DD INCOME TAX PAYMENT,114.37,GBP,debit,DD,HMRC,9399,Taxes,synthetic
BACS RENT 92391 20230806,410.62,GBP,debit,BACS,RENT,9399,Rent/Mortgage,synthetic
CARD TESCO PETROL 82657 20230814,51.86,GBP,debit,CARD,TESCO PETROL,5541,Fuel,synthetic
CARD BRITISH AIRWAYS GATWICK,79.34,GBP,debit,CARD,BRITISH AIRWAYS,4722,Travel,synthetic
CARD PAYMENT JET2 42241 18/08/2026,853.70,GBP,debit,CARD,JET2,4511,Travel,synthetic
CARD PAYMENT WWF,29.87,GBP,debit,CARD,WWF,8398,Charity,synthetic
GOOGLE PAY COOP REF 83300637,110.59,GBP,debit,GOOGLE_PAY,COOP,5499,Groceries,synthetic
FPS MORTGAGE PAYMENT //,2363.85,GBP,debit,FPS,MORTGAGE PAYMENT,9399,Rent/Mortgage,synthetic
POS WAGAMAMA 22105,11.95,GBP,debit,POS,WAGAMAMA,5812,Dining,synthetic
BACS INNOTECH LTD SALARY,4836.77,GBP,credit,BACS,INNOTECH LTD,,Salary,synthetic
CASH WITHDRAWAL LINK ATM 72351 20241024,65.11,GBP,debit,ATM,LINK ATM,6011,Cash Withdrawal,synthetic
BACS DENTAL LONDON,100.17,GBP,debit,BACS,DENTAL,8021,Healthcare,synthetic
TFR TO JOINT ACCOUNT,1406.90,GBP,credit,TFR,,,Transfers,synthetic
STRIPE JD SPORTS.,66.39,GBP,debit,STRIPE,JD SPORTS,5399,Shopping,synthetic
BACS PASSPORT OFFICE 83297 20231128,170.01,GBP,debit,BACS,PASSPORT OFFICE,7299,Other,synthetic
FPS HMRC PAYMENT,302.04,GBP,debit,FPS,HMRC,9211,Taxes,synthetic
PAYPAL FIRST BUS 86749 22 AUG,81.08,GBP,debit,PAYPAL,FIRST BUS,4111,Transport,synthetic
POS GETT 20554,76.75,GBP,debit,POS,GETT,4789,Transport,synthetic
POS TFL TRAVEL CHARGE LEEDS 95566 //,82.49,GBP,debit,POS,TFL TRAVEL CHARGE,4789,Transport,synthetic
STANDING ORDER HALIFAX MORTGAGE,1891.99,GBP,debit,SO,HALIFAX MORTGAGE,9399,Rent/Mortgage,synthetic
DD NEWCASTLE COLLEGE LONDON 09 JUN,434.50,GBP,debit,DD,NEWCASTLE COLLEGE,8220,Education,synthetic
STANDING ORDER CLARION HOUSING *,1154.27,GBP,debit,SO,CLARION HOUSING,9399,Rent/Mortgage,synthetic
POS SANTANDER CYCLES BIRMINGHAM 41673,74.82,GBP,debit,POS,SANTANDER CYCLES,4789,Transport,synthetic
CARD NETFLIX  09JUL,30.70,GBP,debit,CARD,NETFLIX,4899,Subscriptions,synthetic
APPLE PAY TESCO EXPRESS 93726,48.33,GBP,debit,APPLE_PAY,TESCO EXPRESS,5499,Groceries,synthetic
FOREIGN TRANSACTION FEE,43.06,GBP,debit,SO,BARCLAYS,6012,Fees,synthetic
CARD SHELL REF 83286377,129.82,GBP,debit,CARD,SHELL,5541,Fuel,synthetic
POS VUE MANCHESTER 32863,47.73,GBP,debit,POS,VUE,7999,Entertainment,synthetic
CARD ASDA REF 20399639,10.51,GBP,debit,CARD,ASDA,5411,Groceries,synthetic
SO PRUDENTIAL  27 AUG,211.01,GBP,debit,SO,PRUDENTIAL,6300,Insurance,synthetic
STANDING ORDER THREE,149.29,GBP,debit,SO,THREE,4900,Utilities,synthetic
SO O2 REF 15414590,75.41,GBP,debit,SO,O2,4900,Utilities,synthetic
MASTERCARD FIVE GUYS 42333 *,21.70,GBP,debit,CARD,FIVE GUYS,5814,Dining,synthetic
FPS COUNCIL TAX,65.67,GBP,debit,FPS,HMRC,9399,Taxes,synthetic
CARD PAYMENT BOLT REF 83248658,71.91,GBP,debit,CARD,BOLT,4111,Transport,synthetic
BACS ACME LIMITED PAYROLL,3710.27,GBP,credit,BACS,ACME LIMITED,,Salary,synthetic
DD COURSERA LONDON 03APR,254.35,GBP,debit,DD,COURSERA,8299,Education,synthetic
BACS COURSERA REF 39035574,250.93,GBP,debit,BACS,COURSERA,8299,Education,synthetic
APPLE PAY GOOGLE STORAGE  06 DEC,8.77,GBP,debit,APPLE_PAY,GOOGLE STORAGE,5968,Subscriptions,synthetic
FPS COUNCIL TAX,467.77,GBP,debit,FPS,,9399,Taxes,synthetic
CARD PAYMENT LASTMINUTE.COM HEATHROW 07 OCT,753.64,GBP,debit,CARD,LASTMINUTE.COM,4411,Travel,synthetic
APPLE PAY WETHERSPOONS 90596,72.31,GBP,debit,APPLE_PAY,WETHERSPOONS,5814,Dining,synthetic
POS TRAINLINE,36.64,GBP,debit,POS,TRAINLINE,4131,Transport,synthetic
VISA MORRISONS,54.88,GBP,debit,CARD,MORRISONS,5411,Groceries,synthetic
CARD PAYMENT BOLT MANCHESTER 20250204,45.41,GBP,debit,CARD,BOLT,4121,Transport,synthetic
FPS MONTHLY SALARY ACME LTD,2877.99,GBP,credit,FPS,ACME LTD,,Salary,synthetic
APPLE PAY FIRST BUS,18.14,GBP,debit,APPLE_PAY,FIRST BUS,4121,Transport,synthetic
STANDING ORDER EON,261.25,GBP,debit,SO,EON,4812,Utilities,synthetic
BACS SUPERDRUG REF 50764930.,48.00,GBP,debit,BACS,SUPERDRUG,8049,Healthcare,synthetic
BACS BRITISH HEART FOUNDATION  63110,76.64,GBP,debit,BACS,BRITISH HEART FOUNDATION,8398,Charity,synthetic
CARD GOV.UK,133.38,GBP,debit,CARD,GOV.UK,5999,Other,synthetic
BACS HAIRDRESSERS REF 63370240,117.04,GBP,debit,BACS,HAIRDRESSERS,5999,Other,synthetic
DD OPTICIANS MANCHESTER 20230706,89.55,GBP,debit,DD,OPTICIANS,5912,Healthcare,synthetic
CARD PAYMENT AIRBNB REF 65079123,433.26,GBP,debit,CARD,AIRBNB,4722,Travel,synthetic
CARD ASDA PETROL,84.46,GBP,debit,CARD,ASDA PETROL,5172,Fuel,synthetic
STRIPE JL 82717,237.59,GBP,debit,STRIPE,JL,5691,Shopping,synthetic
POS ROYAL MAIL REF 36743100,67.29,GBP,debit,POS,ROYAL MAIL,7299,Other,synthetic
VISA GOOGLE STORAGE ,28.36,GBP,debit,CARD,GOOGLE STORAGE,4899,Subscriptions,synthetic
OVERDRAFT INTEREST CHARGE,40.89,GBP,debit,DD,HSBC,6012,Fees,synthetic
CASH WITHDRAWAL CASH MACHINE REF 82956541,32.15,GBP,debit,ATM,CASH MACHINE,6011,Cash Withdrawal,synthetic
DIRECT DEBIT AXA.,202.28,GBP,debit,DD,AXA,5960,Insurance,synthetic
TRANSFER TO ISA,2604.87,GBP,credit,TFR,,,Transfers,synthetic
FOREIGN TRANSACTION FEE,5.33,GBP,debit,SO,HSBC,6012,Fees,synthetic
MASTERCARD SAINSBURYS PETROL REF 98614357,73.30,GBP,debit,CARD,SAINSBURYS PETROL,5172,Fuel,synthetic
DD SELF ASSESSMENT TAX,316.69,GBP,debit,DD,COUNCIL TAX,9211,Taxes,synthetic
VISA BOOKING.COM REF 32398512.,143.67,GBP,debit,CARD,BOOKING.COM,4511,Travel,synthetic
CARD PAYMENT TRAVELODGE 01/10/2024 //,698.77,GBP,debit,CARD,TRAVELODGE,4722,Travel,synthetic
ATM LINK ATM MANCHESTER,191.78,GBP,debit,ATM,LINK ATM,6010,Cash Withdrawal,synthetic
FASTER PAYMENT PRIME HIRE LTD PAYROLL REF 64331127,1741.55,GBP,credit,FPS,PRIME HIRE LTD,,Salary,synthetic
LATE PAYMENT FEE,16.64,GBP,debit,SO,BARCLAYS,6012,Fees,synthetic
TFR TO JOINT ACCOUNT,1816.67,GBP,credit,TFR,,,Transfers,synthetic
CASH WITHDRAWAL ATM 50484 25FEB,165.26,GBP,debit,ATM,ATM,6011,Cash Withdrawal,synthetic
APPLE PAY NERO,4.93,GBP,debit,APPLE_PAY,NERO,5814,Coffee Shops,synthetic
SO EE PAYMENT,199.79,GBP,debit,SO,EE,4812,Utilities,synthetic
CASH WITHDRAWAL ATM LEEDS 16624,249.20,GBP,debit,ATM,ATM,6011,Cash Withdrawal,synthetic
CARD POST OFFICE 50972 11APR,26.77,GBP,debit,CARD,POST OFFICE,5999,Other,synthetic
CARD PLAYSTATION NETWORK REF 20495780,22.11,GBP,debit,CARD,PLAYSTATION NETWORK,7922,Entertainment,synthetic
BACS SCOTTISH POWER REF 88176784,141.17,GBP,debit,BACS,SCOTTISH POWER,4899,Utilities,synthetic
CARD PAYMENT TRAVELODGE 81450 20250616,668.08,GBP,debit,CARD,TRAVELODGE,4722,Travel,synthetic
POS TFL,49.32,GBP,debit,POS,TFL,4789,Transport,synthetic
APPLE PAY KFC LONDON 33090,44.10,GBP,debit,APPLE_PAY,KFC,5814,Dining,synthetic
FPS HM REVENUE & CUSTOMS,37.73,GBP,debit,FPS,COUNCIL TAX,9211,Taxes,synthetic
CARD TRAINLINE MANCHESTER 05/09/2024,12.03,GBP,debit,CARD,TRAINLINE,4111,Transport,synthetic
DD ADMIRAL 20260401.,120.05,GBP,debit,DD,ADMIRAL,6300,Insurance,synthetic
DD MORE THAN  16685,136.80,GBP,debit,DD,MORE THAN,5960,Insurance,synthetic
CARD PAYMENT GULF REF 98470632,24.04,GBP,debit,CARD,GULF,5541,Fuel,synthetic
CARD PAYMENT ARGOS MANCHESTER,61.40,GBP,debit,CARD,ARGOS,5310,Shopping,synthetic
DD LV=,387.59,GBP,debit,DD,LV=,6300,Insurance,synthetic
CARD PRET,5.20,GBP,debit,CARD,PRET,5814,Coffee Shops,synthetic
CARD PAYMENT KINGS COLLEGE LONDON REF 20073485,66.60,GBP,debit,CARD,KINGS COLLEGE LONDON,8220,Education,synthetic
CARD HAIRDRESSERS  7943,94.62,GBP,debit,CARD,HAIRDRESSERS,7299,Other,synthetic
PAYPAL ZARA MANCHESTER 06 FEB.,227.56,GBP,debit,PAYPAL,ZARA,5311,Shopping,synthetic
BACS MONTHLY SALARY HALCYON GROUP,5760.63,GBP,credit,BACS,HALCYON GROUP,,Salary,synthetic
DD BT GROUP REF 33675811,163.79,GBP,debit,DD,BT GROUP,4814,Utilities,synthetic
PACKAGED ACCOUNT FEE,12.69,GBP,debit,DD,,6012,Fees,synthetic
CARD ROYAL MAIL 29404 *,198.62,GBP,debit,CARD,ROYAL MAIL,5999,Other,synthetic
MASTERCARD LASTMINUTE.COM 49635,68.29,GBP,debit,CARD,LASTMINUTE.COM,4511,Travel,synthetic
CARD BHF 11528 09DEC,4.25,GBP,debit,CARD,BHF,8398,Charity,synthetic
SO RENT 52374 20260117,1193.63,GBP,debit,SO,RENT,6513,Rent/Mortgage,synthetic
PAYPAL XBOX,95.53,GBP,debit,PAYPAL,XBOX,7922,Entertainment,synthetic
FPS GLOBEX CORP PAYROLL,1799.03,GBP,credit,FPS,GLOBEX CORP,,Salary,synthetic
STRIPE CURRY'S MANCHESTER 18 JAN,223.16,GBP,debit,STRIPE,CURRY'S,5311,Shopping,synthetic
ATM LINK ATM REF 16015958 *,271.82,GBP,debit,ATM,LINK ATM,6010,Cash Withdrawal,synthetic
POS BOOTS REF 83421108,120.57,GBP,debit,POS,BOOTS,8011,Healthcare,synthetic
DD PRUDENTIAL  94170,297.27,GBP,debit,DD,PRUDENTIAL,5960,Insurance,synthetic
APPLE PAY STARBUCKS 47120 20230321,12.32,GBP,debit,APPLE_PAY,STARBUCKS,5814,Coffee Shops,synthetic
OVERDRAFT INTEREST CHARGE,24.01,GBP,debit,SO,BARCLAYS,6012,Fees,synthetic
CASH WITHDRAWAL FEE,39.86,GBP,debit,SO,BARCLAYS,6012,Fees,synthetic
TRANSFER TO EASY ACCESS SAVER 20230502,3780.29,GBP,credit,TFR,,,Transfers,synthetic
DIRECT DEBIT LANDLORD  04AUG,1008.67,GBP,debit,DD,LANDLORD,9399,Rent/Mortgage,synthetic
PAYPAL APPLE MUSIC  11417,18.66,GBP,debit,PAYPAL,APPLE MUSIC,5968,Subscriptions,synthetic
CARD SPORTS DIRECT 86755,213.09,GBP,debit,CARD,SPORTS DIRECT,5311,Shopping,synthetic
BACS LV= ,339.95,GBP,debit,BACS,LV=,5960,Insurance,synthetic
ATM CASH MACHINE ,344.24,GBP,debit,ATM,CASH MACHINE,6010,Cash Withdrawal,synthetic
VISA EXPEDIA 8794,314.57,GBP,debit,CARD,EXPEDIA,4411,Travel,synthetic
CARD ETSY,201.11,GBP,debit,CARD,ETSY,5399,Shopping,synthetic
VISA PREMIER INN,208.46,GBP,debit,CARD,PREMIER INN,4722,Travel,synthetic
CARD PAYMENT JET2 72533 25/12/2026,187.67,GBP,debit,CARD,JET2,4411,Travel,synthetic
PAYPAL NEWCASTLE COLLEGE LONDON,218.22,GBP,debit,PAYPAL,NEWCASTLE COLLEGE,8220,Education,synthetic
CARD AMAZON PRIME 7868,17.04,GBP,debit,CARD,AMAZON PRIME,5734,Subscriptions,synthetic
CARD BOOKING.COM GATWICK 74718.,714.70,GBP,debit,CARD,BOOKING.COM,4722,Travel,synthetic
SO BT,282.21,GBP,debit,SO,BT,4812,Utilities,synthetic
POS NERO,13.77,GBP,debit,POS,NERO,5812,Coffee Shops,synthetic
CARD PAYMENT PREMIER INN 49995,384.26,GBP,debit,CARD,PREMIER INN,4722,Travel,synthetic
BACS HM REVENUE & CUSTOMS,405.63,GBP,debit,BACS,DVLA,9211,Taxes,synthetic
VISA GREGGS  56469,12.83,GBP,debit,CARD,GREGGS,5814,Coffee Shops,synthetic
CARD TESCO PETROL LONDON 37042,99.57,GBP,debit,CARD,TESCO PETROL,5541,Fuel,synthetic
CARD PAYMENT HAIRDRESSERS LONDON 89074,22.63,GBP,debit,CARD,HAIRDRESSERS,5999,Other,synthetic
SO THAMES WATER REF 62800378,241.36,GBP,debit,SO,THAMES WATER,4814,Utilities,synthetic
POS PRET A MANGER,9.84,GBP,debit,POS,PRET A MANGER,5812,Coffee Shops,synthetic
BACS THAMES WATER,252.58,GBP,debit,BACS,THAMES WATER,4900,Utilities,synthetic
PAYPAL JET2 LONDON,345.76,GBP,debit,PAYPAL,JET2,4511,Travel,synthetic
POS STARBUCKS,5.25,GBP,debit,POS,STARBUCKS,5814,Coffee Shops,synthetic
CARD ESSO 8848 23/12/2024,65.11,GBP,debit,CARD,ESSO,5542,Fuel,synthetic
BANK TRANSFER BETWEEN ACCOUNTS REF 57774283,849.13,GBP,credit,TFR,,,Transfers,synthetic
FASTER PAYMENT BLUEFIN SOLUTIONS SALARY,4404.65,GBP,credit,FPS,BLUEFIN SOLUTIONS,,Salary,synthetic
MASTERCARD DOMINO'S REF 78090647,26.22,GBP,debit,CARD,DOMINO'S,5812,Dining,synthetic
CARD PAYMENT NETFLIX.COM 2157,28.63,GBP,debit,CARD,NETFLIX.COM,5734,Subscriptions,synthetic
STANDING ORDER SANTANDER MORTGAGE  10472,559.89,GBP,debit,SO,SANTANDER MORTGAGE,9399,Rent/Mortgage,synthetic
BACS SSE,131.22,GBP,debit,BACS,SSE,4899,Utilities,synthetic
CARD PAYMENT BOLT MANCHESTER,65.48,GBP,debit,CARD,BOLT,4789,Transport,synthetic
POS OPTICIANS MANCHESTER 20261121,91.99,GBP,debit,POS,OPTICIANS,8049,Healthcare,synthetic
CARD DRY CLEANERS 68414 //,143.92,GBP,debit,CARD,DRY CLEANERS,7299,Other,synthetic
CARD PAYMENT BLACK CAB,15.76,GBP,debit,CARD,BLACK CAB,4131,Transport,synthetic
POS SPECSAVERS MANCHESTER,27.03,GBP,debit,POS,SPECSAVERS,8021,Healthcare,synthetic
CARD PAYMENT SCHOOL FEES  33875,88.60,GBP,debit,CARD,SCHOOL FEES,8220,Education,synthetic
CARD ASDA REF 59302863,8.92,GBP,debit,CARD,ASDA,5411,Groceries,synthetic
DD COUNCIL TAX,210.66,GBP,debit,DD,DVLA,9211,Taxes,synthetic
DD HM REVENUE & CUSTOMS,113.21,GBP,debit,DD,HMRC,9211,Taxes,synthetic
PACKAGED ACCOUNT FEE,7.42,GBP,debit,SO,LLOYDS,6012,Fees,synthetic
FPS TO SAVINGS 15/09/2025,560.79,GBP,credit,FPS,,,Transfers,synthetic
POS PASSPORT OFFICE REF 46602402,81.20,GBP,debit,POS,PASSPORT OFFICE,5999,Other,synthetic
VISA PRET A MANGER REF 24413864 //,12.04,GBP,debit,CARD,PRET A MANGER,5812,Coffee Shops,synthetic
APPLE PAY GOOGLE ONE  29384,34.74,GBP,debit,APPLE_PAY,GOOGLE ONE,4899,Subscriptions,synthetic
CARD ZARA LONDON 20 SEP,11.93,GBP,debit,CARD,ZARA,5691,Shopping,synthetic
CASH WITHDRAWAL CASH MACHINE,239.19,GBP,debit,ATM,CASH MACHINE,6010,Cash Withdrawal,synthetic
GOOGLE PAY ASDA LEEDS,41.84,GBP,debit,GOOGLE_PAY,ASDA,5300,Groceries,synthetic
POS SEE TICKETS REF 80380884,18.58,GBP,debit,POS,SEE TICKETS,7922,Entertainment,synthetic
DIRECT DEBIT PEABODY REF 50810571,535.26,GBP,debit,DD,PEABODY,9399,Rent/Mortgage,synthetic
SQ STARBUCKS 20074,11.67,GBP,debit,SQUARE,STARBUCKS,5814,Coffee Shops,synthetic
TFR TO SAVINGS,3321.58,GBP,credit,TFR,,,Transfers,synthetic
FPS SALARY HALCYON GROUP 20250118,3658.96,GBP,credit,FPS,HALCYON GROUP,,Salary,synthetic
POS TESCO STORES  28FEB,25.75,GBP,debit,POS,TESCO STORES,5300,Groceries,synthetic
BACS COURSERA 70115,436.14,GBP,debit,BACS,COURSERA,8220,Education,synthetic
POS GOV.UK 33037 20230924,106.03,GBP,debit,POS,GOV.UK,5999,Other,synthetic
PAYPAL AMAZON.CO.UK LONDON 84657,41.31,GBP,debit,PAYPAL,AMAZON.CO.UK,5310,Shopping,synthetic
PAYPAL CITY LIT,74.52,GBP,debit,PAYPAL,CITY LIT,8220,Education,synthetic
CARD GULF BIRMINGHAM 20231210,118.69,GBP,debit,CARD,GULF,5542,Fuel,synthetic
FPS PEABODY 41404 22 MAR,422.21,GBP,debit,FPS,PEABODY,6513,Rent/Mortgage,synthetic
PAYPAL SCHOOL FEES NEWCASTLE.,323.38,GBP,debit,PAYPAL,SCHOOL FEES,8220,Education,synthetic
APPLE PAY CO-OP 10061,46.36,GBP,debit,APPLE_PAY,CO-OP,5300,Groceries,synthetic
SQ GREGGS 194,5.06,GBP,debit,SQUARE,GREGGS,5812,Coffee Shops,synthetic
PAYPAL UNIVERSITY NEWCASTLE,79.67,GBP,debit,PAYPAL,UNIVERSITY,8220,Education,synthetic
DD UDEMY REF 64266882,289.37,GBP,debit,DD,UDEMY,8220,Education,synthetic
POS MURCO,120.25,GBP,debit,POS,MURCO,5541,Fuel,synthetic
DIRECT DEBIT LANDLORD 87252,2101.98,GBP,debit,DD,LANDLORD,6513,Rent/Mortgage,synthetic
MASTERCARD EASYJET  2421,532.18,GBP,debit,CARD,EASYJET,4722,Travel,synthetic
CARD PAYMENT TFL BIRMINGHAM 19971,47.01,GBP,debit,CARD,TFL,4111,Transport,synthetic
PAYPAL AMAZON 52897,108.89,GBP,debit,PAYPAL,AMAZON,5691,Shopping,synthetic
CASH WITHDRAWAL LINK ATM LONDON,335.16,GBP,debit,ATM,LINK ATM,6010,Cash Withdrawal,synthetic
FOREIGN TRANSACTION FEE,2.93,GBP,debit,SO,BARCLAYS,6012,Fees,synthetic
CARD PAYMENT EASYJET,645.32,GBP,debit,CARD,EASYJET,4511,Travel,sandbox
MONTHLY ACCOUNT FEE,27.66,GBP,debit,SO,BARCLAYS,6051,Fees,synthetic
FASTER PAYMENT GLOBEX CORP PAYROLL REF 65798756,4651.88,GBP,credit,FPS,GLOBEX CORP,,Salary,synthetic
BACS KINGS COLLEGE LONDON 44529.,485.20,GBP,debit,BACS,KINGS COLLEGE LONDON,8220,Education,synthetic
BACS UDEMY LONDON 70322,278.11,GBP,debit,BACS,UDEMY,8299,Education,synthetic
BACS HMRC PAYMENT,181.51,GBP,debit,BACS,COUNCIL TAX,9211,Taxes,synthetic
BACS HMRC PAYMENT,144.87,GBP,debit,BACS,HM REVENUE & CUSTOMS,9399,Taxes,synthetic
BACS DIRECT LINE REF 43035177,106.20,GBP,debit,BACS,DIRECT LINE,5960,Insurance,synthetic
CARD PAYMENT NINTENDO ESHOP LONDON 20260607,64.94,GBP,debit,CARD,NINTENDO ESHOP,7922,Entertainment,synthetic
CARD PAYMENT OPEN UNIVERSITY LONDON 15JAN,387.65,GBP,debit,CARD,OPEN UNIVERSITY,8220,Education,synthetic
VISA STEAM GAMES  04AUG,65.02,GBP,debit,CARD,STEAM GAMES,7922,Entertainment,synthetic
VISA GULF REF 65707438,117.41,GBP,debit,CARD,GULF,5541,Fuel,synthetic
LINK ATM CASH MACHINE MANCHESTER 21/05/2024,50.78,GBP,debit,ATM,CASH MACHINE,6011,Cash Withdrawal,synthetic
CARD STEAM GAMES MANCHESTER 14/09/2025,108.20,GBP,debit,CARD,STEAM GAMES,7999,Entertainment,synthetic
CARD ALDI LEEDS 20231118,104.16,GBP,debit,CARD,ALDI,5411,Groceries,synthetic
BACS LANDLORD,2370.00,GBP,debit,BACS,LANDLORD,6513,Rent/Mortgage,synthetic
DIRECT DEBIT LANDLORD 19936.,1151.27,GBP,debit,DD,LANDLORD,6513,Rent/Mortgage,synthetic
CARD PAYMENT POST OFFICE  23FEB,89.15,GBP,debit,CARD,POST OFFICE,7299,Other,synthetic
CARD PAYMENT VISION EXPRESS  17/09/2023,123.78,GBP,debit,CARD,VISION EXPRESS,8011,Healthcare,synthetic
MASTERCARD JET ,82.85,GBP,debit,CARD,JET,5542,Fuel,synthetic
DD LEGAL & GENERAL  05 OCT,21.29,GBP,debit,DD,LEGAL & GENERAL,5960,Insurance,synthetic
DD SAVE THE CHILDREN  38249,79.60,GBP,debit,DD,SAVE THE CHILDREN,8398,Charity,synthetic
VISA TESCO STORES LEEDS,83.71,GBP,debit,CARD,TESCO STORES,5300,Groceries,synthetic
TRANSFER TO ISA,4029.77,GBP,credit,TFR,,,Transfers,synthetic
PAYPAL MACMILLAN REF 90557939,34.38,GBP,debit,PAYPAL,MACMILLAN,8398,Charity,synthetic
POS PLAYSTATION NETWORK REF 88676876,139.43,GBP,debit,POS,PLAYSTATION NETWORK,7832,Entertainment,synthetic
CARD PAYMENT NHS PRESCRIPTION LONDON 18546,64.09,GBP,debit,CARD,NHS PRESCRIPTION,8011,Healthcare,synthetic
BACS DVLA VEHICLE TAX,255.68,GBP,debit,BACS,HMRC,9211,Taxes,synthetic
CARD PAYMENT SELF ASSESSMENT TAX,38.68,GBP,debit,CARD,COUNCIL TAX,9399,Taxes,synthetic
FASTER PAYMENT FROM CURRENT ACCOUNT 20230523 REF 92398978,2522.58,GBP,credit,FPS,,,Transfers,synthetic
DIRECT DEBIT TALKTALK REF 41088690,129.79,GBP,debit,DD,TALKTALK,4899,Utilities,synthetic
CASH WITHDRAWAL LINK ATM LONDON 24MAY.,411.05,GBP,debit,ATM,LINK ATM,6010,Cash Withdrawal,synthetic
CARD ROYAL MAIL ,105.47,GBP,debit,CARD,ROYAL MAIL,7299,Other,synthetic
CARD PAYMENT CINEWORLD MANCHESTER,93.16,GBP,debit,CARD,CINEWORLD,7832,Entertainment,synthetic
VISA M&S 82791.,110.26,GBP,debit,CARD,M&S,5411,Groceries,synthetic
CARD TEXACO 49534 08/07/2023,115.19,GBP,debit,CARD,TEXACO,5172,Fuel,synthetic
ATM ATM LEEDS 50745,143.17,GBP,debit,ATM,ATM,6010,Cash Withdrawal,synthetic
DD AGE UK LONDON 06/08/2023.,94.26,GBP,debit,DD,AGE UK,8398,Charity,synthetic
OVERDRAFT FEE,37.87,GBP,debit,DD,LLOYDS,6051,Fees,synthetic
DD CLARION HOUSING  70222,629.91,GBP,debit,DD,CLARION HOUSING,9399,Rent/Mortgage,synthetic
CARD PAYMENT KFC REF 81110496,87.91,GBP,debit,CARD,KFC,5814,Dining,synthetic
PAYPAL ADOBE REF 33147442,35.00,GBP,debit,PAYPAL,ADOBE,5968,Subscriptions,synthetic
CARD PAYMENT DVLA VEHICLE TAX,72.80,GBP,debit,CARD,HMRC,9399,Taxes,synthetic
CARD PAYMENT POST OFFICE  80911,23.39,GBP,debit,CARD,POST OFFICE,7299,Other,synthetic
POS BLACK CAB BIRMINGHAM 69225,62.37,GBP,debit,POS,BLACK CAB,4789,Transport,synthetic
STANDING ORDER L&Q ,1369.67,GBP,debit,SO,L&Q,9399,Rent/Mortgage,synthetic
FASTER PAYMENT SALARY HALCYON GROUP,1236.43,GBP,credit,FPS,HALCYON GROUP,,Salary,synthetic
DIRECT DEBIT ADMIRAL  15966,22.62,GBP,debit,DD,ADMIRAL,5960,Insurance,synthetic
TRANSFER TO ISA 27/12/2026 REF 53566725,1673.32,GBP,credit,TFR,,,Transfers,synthetic
CARD AMZN REF 28703143,192.74,GBP,debit,CARD,AMZN,5311,Shopping,synthetic
CARD PAYMENT RNLI LONDON,56.57,GBP,debit,CARD,RNLI,8398,Charity,synthetic
BACS CITY LIT NEWCASTLE 39256.,101.34,GBP,debit,BACS,CITY LIT,8299,Education,synthetic
STANDING ORDER CHURCHILL,107.06,GBP,debit,SO,CHURCHILL,5960,Insurance,synthetic
DIRECT DEBIT LANDLORD 53397 09SEP,2248.70,GBP,debit,DD,LANDLORD,6513,Rent/Mortgage,synthetic
LINK ATM LINK ATM,417.75,GBP,debit,ATM,LINK ATM,6010,Cash Withdrawal,synthetic
VISA SEE TICKETS MANCHESTER,34.57,GBP,debit,CARD,SEE TICKETS,7832,Entertainment,synthetic
FPS SALARY PRIME HIRE LTD 01 DEC,5615.98,GBP,credit,FPS,PRIME HIRE LTD,,Salary,synthetic
CARD SANTANDER CYCLES LEEDS 50179 *,21.85,GBP,debit,CARD,SANTANDER CYCLES,4131,Transport,synthetic
BACS LANDLORD 58145 06 JUL,1867.65,GBP,debit,BACS,LANDLORD,6513,Rent/Mortgage,synthetic
FOREIGN TRANSACTION FEE,9.16,GBP,debit,SO,HALIFAX,6012,Fees,synthetic
CARD WETHERSPOONS LONDON 26288,63.18,GBP,debit,CARD,WETHERSPOONS,5814,Dining,synthetic
CARD PAYMENT BUPA MANCHESTER 69267,51.97,GBP,debit,CARD,BUPA,5912,Healthcare,synthetic
TFR TO SAVINGS ACCOUNT,343.45,GBP,credit,TFR,,,Transfers,synthetic
POS FIRST BUS 85022,23.66,GBP,debit,POS,FIRST BUS,4131,Transport,synthetic
POS PASSPORT OFFICE //,186.04,GBP,debit,POS,PASSPORT OFFICE,7299,Other,synthetic
DIRECT DEBIT CLARION HOUSING  82378,1203.07,GBP,debit,DD,CLARION HOUSING,9399,Rent/Mortgage,synthetic
BACS MORTGAGE PAYMENT 26824 23OCT.,2444.78,GBP,debit,BACS,MORTGAGE PAYMENT,9399,Rent/Mortgage,synthetic
CARD PAYMENT BLACK SHEEP COFFEE REF 30041488,4.81,GBP,debit,CARD,BLACK SHEEP COFFEE,5814,Coffee Shops,synthetic
FASTER PAYMENT PRIME HIRE LTD PAYROLL REF 13339687,2427.42,GBP,credit,FPS,PRIME HIRE LTD,,Salary,synthetic
CARD TICKETMASTER 33490,112.78,GBP,debit,CARD,TICKETMASTER,7832,Entertainment,synthetic
DD NATIONWIDE MORTGAGE,1386.32,GBP,debit,DD,NATIONWIDE MORTGAGE,6513,Rent/Mortgage,synthetic
MASTERCARD GREENE KING 39478 10DEC,38.84,GBP,debit,CARD,GREENE KING,5814,Dining,synthetic
CASH WITHDRAWAL CASH MACHINE LONDON 89891,196.29,GBP,debit,ATM,CASH MACHINE,6011,Cash Withdrawal,synthetic
POS TFL LEEDS,84.49,GBP,debit,POS,TFL,4111,Transport,synthetic
CARD AGE UK LONDON 23 JUN,59.00,GBP,debit,CARD,AGE UK,8398,Charity,synthetic
BACS OPEN UNIVERSITY REF 75025705,213.10,GBP,debit,BACS,OPEN UNIVERSITY,8299,Education,synthetic
CARD PAYMENT ARRIVA LEEDS 20230216,29.18,GBP,debit,CARD,ARRIVA,4789,Transport,synthetic
VISA BA,73.56,GBP,debit,CARD,BA,4411,Travel,synthetic
CARD PAYMENT ROYAL MAIL 72917 *,100.07,GBP,debit,CARD,ROYAL MAIL,5999,Other,synthetic
CARD SPOTIFY  63914,7.51,GBP,debit,CARD,SPOTIFY,5734,Subscriptions,synthetic
POS MURCO REF 34728879,24.83,GBP,debit,POS,MURCO,5542,Fuel,synthetic
CARD PAYMENT DISNEY PLUS,33.28,GBP,debit,CARD,DISNEY PLUS,5968,Subscriptions,synthetic
ACCOUNT FEE HALIFAX,2.95,GBP,debit,SO,HALIFAX,6012,Fees,synthetic
APPLE PAY COSTA COFFEE,10.96,GBP,debit,APPLE_PAY,COSTA COFFEE,5814,Coffee Shops,synthetic
DD COUNCIL TAX,312.55,GBP,debit,DD,HM REVENUE & CUSTOMS,9211,Taxes,synthetic
BACS ACME LTD PAYROLL,1565.45,GBP,credit,BACS,ACME LTD,,Salary,synthetic
SO LV 70287,238.77,GBP,debit,SO,LV,5960,Insurance,synthetic
DD AGE UK REF 88544699,91.91,GBP,debit,DD,AGE UK,8398,Charity,synthetic
CARD PAYMENT SUPERDRUG 2118 05/06/2024,120.48,GBP,debit,CARD,SUPERDRUG,8049,Healthcare,synthetic
PAYPAL JUSTGIVING 23683 28/01/2026,42.25,GBP,debit,PAYPAL,JUSTGIVING,8398,Charity,synthetic
CARD PAYMENT NEWCASTLE COLLEGE  14/02/2026,329.85,GBP,debit,CARD,NEWCASTLE COLLEGE,8220,Education,synthetic
PAYPAL AMZN MANCHESTER 20 JUN,66.47,GBP,debit,PAYPAL,AMZN,5399,Shopping,synthetic
CARD STEAM LONDON,84.32,GBP,debit,CARD,STEAM,7999,Entertainment,synthetic
POS ROYAL MAIL REF 37758510,174.15,GBP,debit,POS,ROYAL MAIL,5999,Other,synthetic
PAYPAL APPLE MUSIC  04FEB,30.47,GBP,debit,PAYPAL,APPLE MUSIC,5734,Subscriptions,synthetic
DD RNLI,80.46,GBP,debit,DD,RNLI,8398,Charity,synthetic
TFR TO SAVINGS 24/02/2023,808.59,GBP,credit,TFR,,,Transfers,synthetic
LINK ATM LINK ATM MANCHESTER 11503.,86.38,GBP,debit,ATM,LINK ATM,6010,Cash Withdrawal,synthetic
CARD TEXACO  47231,22.18,GBP,debit,CARD,TEXACO,5542,Fuel,synthetic
CARD PAYMENT STAGECOACH ,6.14,GBP,debit,CARD,STAGECOACH,4789,Transport,synthetic
LINK ATM CASH MACHINE,145.84,GBP,debit,ATM,CASH MACHINE,6011,Cash Withdrawal,synthetic
MASTERCARD BA HEATHROW.,881.45,GBP,debit,CARD,BA,4411,Travel,synthetic
CARD PAYMENT NEWCASTLE COLLEGE ,20.52,GBP,debit,CARD,NEWCASTLE COLLEGE,8299,Education,synthetic
PAYPAL NEXT REF 32955139,50.90,GBP,debit,PAYPAL,NEXT,5399,Shopping,synthetic
CARD BOLT REF 47551535,66.45,GBP,debit,CARD,BOLT,4789,Transport,synthetic
BACS EON PAYMENT,52.89,GBP,debit,BACS,EON,4899,Utilities,synthetic
ATM CASH MACHINE MANCHESTER,13.45,GBP,debit,ATM,CASH MACHINE,6011,Cash Withdrawal,synthetic
BACS ROYAL MAIL ,53.46,GBP,debit,BACS,ROYAL MAIL,5999,Other,synthetic
CARD JD SPORTS REF 74787744 *,61.54,GBP,debit,CARD,JD SPORTS,5310,Shopping,synthetic
BACS HALCYON GROUP PAYROLL REF 88463726,1851.42,GBP,credit,BACS,HALCYON GROUP,,Salary,synthetic
TFR TO JOINT ACCOUNT 19 JUN,231.11,GBP,credit,TFR,,,Transfers,synthetic
STANDING ORDER L&Q ,1210.46,GBP,debit,SO,L&Q,6513,Rent/Mortgage,synthetic
BACS BOOTS MANCHESTER 77600 //,107.40,GBP,debit,BACS,BOOTS,8011,Healthcare,synthetic
DD HALIFAX MORTGAGE ,1408.17,GBP,debit,DD,HALIFAX MORTGAGE,9399,Rent/Mortgage,synthetic
BACS NORTHWIND SERVICES SALARY,3505.31,GBP,credit,BACS,NORTHWIND SERVICES,,Salary,synthetic
CARD STAGECOACH 39358,84.69,GBP,debit,CARD,STAGECOACH,4131,Transport,synthetic
MASTERCARD PIZZA EXPRESS EDINBURGH 81731 //,71.79,GBP,debit,CARD,PIZZA EXPRESS,5812,Dining,sandbox
FPS GLOBEX CORP PAYROLL,2611.49,GBP,credit,FPS,GLOBEX CORP,,Salary,synthetic
APPLE PAY STAGECOACH  27 MAY,20.95,GBP,debit,APPLE_PAY,STAGECOACH,4789,Transport,synthetic
VISA SKY STORE 38349 20 OCT,106.69,GBP,debit,CARD,SKY STORE,7832,Entertainment,synthetic
APPLE PAY TFL TRAVEL CHARGE 866,59.45,GBP,debit,APPLE_PAY,TFL TRAVEL CHARGE,4131,Transport,synthetic
FASTER PAYMENT ACME LIMITED PAYROLL REF 28834844,5574.53,GBP,credit,FPS,ACME LIMITED,,Salary,synthetic
STANDING ORDER HASTINGS 68359 11/12/2026,102.73,GBP,debit,SO,HASTINGS,6300,Insurance,synthetic
DIRECT DEBIT BT REF 82085863,257.18,GBP,debit,DD,BT,4812,Utilities,synthetic
CARD WAITROSE 8899 03/02/2023,41.57,GBP,debit,CARD,WAITROSE,5300,Groceries,synthetic
BACS POST OFFICE,135.79,GBP,debit,BACS,POST OFFICE,7299,Other,synthetic
CARD PAYMENT SANTANDER CYCLES BIRMINGHAM 19 DEC,51.95,GBP,debit,CARD,SANTANDER CYCLES,4121,Transport,synthetic
CARD PAYMENT DVLA VEHICLE TAX,35.07,GBP,debit,CARD,HM REVENUE & CUSTOMS,9211,Taxes,synthetic
TFR TO SAVINGS ACCOUNT,1879.89,GBP,credit,TFR,,,Transfers,synthetic
TRANSFER TO EASY ACCESS SAVER,4070.45,GBP,credit,TFR,,,Transfers,synthetic
CARD ASDA PETROL,81.94,GBP,debit,CARD,ASDA PETROL,5172,Fuel,synthetic
BACS RNLI ,8.73,GBP,debit,BACS,RNLI,8398,Charity,synthetic
POS DRY CLEANERS LONDON 32483,114.42,GBP,debit,POS,DRY CLEANERS,5999,Other,synthetic
DD NSPCC,86.77,GBP,debit,DD,NSPCC,8398,Charity,synthetic
POS PRET A MANGER  66251,10.71,GBP,debit,POS,PRET A MANGER,5812,Coffee Shops,synthetic
MASTERCARD BRITISH AIRWAYS HEATHROW,367.08,GBP,debit,CARD,BRITISH AIRWAYS,4511,Travel,synthetic
CARD DISNEY+  32014,33.83,GBP,debit,CARD,DISNEY+,4899,Subscriptions,sandbox
CARD GOV.UK 88592 17 FEB,118.66,GBP,debit,CARD,GOV.UK,5999,Other,synthetic
MASTERCARD GREENE KING CARDIFF,76.63,GBP,debit,CARD,GREENE KING,5812,Dining,synthetic
ATM CASH MACHINE REF 98672138.,253.50,GBP,debit,ATM,CASH MACHINE,6010,Cash Withdrawal,synthetic
PAYPAL BLACK CAB BIRMINGHAM 09NOV.,39.43,GBP,debit,PAYPAL,BLACK CAB,4131,Transport,synthetic
FPS PRIME HIRE LTD SALARY 16NOV,1241.38,GBP,credit,FPS,PRIME HIRE LTD,,Salary,synthetic
CARD LIDL LONDON 90561,45.22,GBP,debit,CARD,LIDL,5411,Groceries,synthetic
STANDING ORDER LEGAL & GENERAL 36697 13MAR,105.30,GBP,debit,SO,LEGAL & GENERAL,5960,Insurance,synthetic
CARD PAYMENT UBER BIRMINGHAM 13/07/2024,6.51,GBP,debit,CARD,UBER,4121,Transport,synthetic
CARD PAYMENT OPTICIANS REF 72630658,88.95,GBP,debit,CARD,OPTICIANS,5912,Healthcare,synthetic
POS CURRY'S 70566 03JUL,167.42,GBP,debit,POS,CURRY'S,5311,Shopping,synthetic
BACS JUSTGIVING LONDON 60702,37.77,GBP,debit,BACS,JUSTGIVING,8398,Charity,synthetic
TRANSFER TO EASY ACCESS SAVER REF 87346623,402.12,GBP,credit,TFR,,,Transfers,synthetic
FPS PEABODY 41978 21 NOV,993.29,GBP,debit,FPS,PEABODY,9399,Rent/Mortgage,synthetic
GOOGLE PAY MORRISONS 36612,110.82,GBP,debit,GOOGLE_PAY,MORRISONS,5499,Groceries,synthetic
PAYPAL RYANAIR REF 47578102,719.70,GBP,debit,PAYPAL,RYANAIR,4411,Travel,synthetic
DD OPEN UNIVERSITY 15102 *,137.05,GBP,debit,DD,OPEN UNIVERSITY,8299,Education,synthetic
STANDING ORDER HALIFAX MORTGAGE 66713,1599.28,GBP,debit,SO,HALIFAX MORTGAGE,6513,Rent/Mortgage,synthetic
MASTERCARD WAGAMAMA  12355,54.40,GBP,debit,CARD,WAGAMAMA,5814,Dining,synthetic
DD HMRC PAYMENT,281.41,GBP,debit,DD,HMRC,9211,Taxes,synthetic
BACS DRY CLEANERS REF 41707979,76.14,GBP,debit,BACS,DRY CLEANERS,7299,Other,synthetic
BACS UNITED UTILITIES,41.12,GBP,debit,BACS,UNITED UTILITIES,4899,Utilities,synthetic
TRANSFER TO SAVINGS 23 OCT,3725.37,GBP,credit,TFR,,,Transfers,synthetic
TFR TO SAVINGS ACCOUNT REF 16452895,2049.75,GBP,credit,TFR,,,Transfers,synthetic
SO RENT 57171 18 APR,2432.11,GBP,debit,SO,RENT,9399,Rent/Mortgage,synthetic
SO BARCLAYS MORTGAGE  03 OCT,771.76,GBP,debit,SO,BARCLAYS MORTGAGE,6513,Rent/Mortgage,synthetic
POS VUE CINEMA REF 47354880,10.40,GBP,debit,POS,VUE CINEMA,7922,Entertainment,synthetic
DIRECT DEBIT ADMIRAL  26857,356.91,GBP,debit,DD,ADMIRAL,5960,Insurance,synthetic
BACS ROYAL MAIL  76781,108.34,GBP,debit,BACS,ROYAL MAIL,7299,Other,synthetic
CARD PAYMENT NURSERY FEES 85385 20 MAR,244.95,GBP,debit,CARD,NURSERY FEES,8220,Education,synthetic
DIRECT DEBIT BRITISH GAS PAYMENT,174.62,GBP,debit,DD,BRITISH GAS,4900,Utilities,synthetic
MASTERCARD EXPEDIA HEATHROW,75.37,GBP,debit,CARD,EXPEDIA,4411,Travel,synthetic
OVERDRAFT INTEREST CHARGE,6.32,GBP,debit,SO,LLOYDS,6012,Fees,synthetic
POS FIVE GUYS 75774 09NOV,56.95,GBP,debit,POS,FIVE GUYS,5814,Dining,synthetic
CARD POST OFFICE LONDON 20250316,25.00,GBP,debit,CARD,POST OFFICE,7299,Other,synthetic
CARD PAYMENT TRANSPORT FOR LONDON,20.77,GBP,debit,CARD,TRANSPORT FOR LONDON,4111,Transport,synthetic
ACCOUNT FEE BARCLAYS,37.04,GBP,debit,DD,BARCLAYS,6051,Fees,synthetic
POS ROYAL MAIL LONDON,190.95,GBP,debit,POS,ROYAL MAIL,5999,Other,synthetic
PAYPAL UCL 98140,498.28,GBP,debit,PAYPAL,UCL,8220,Education,synthetic
SO CHURCHILL,331.76,GBP,debit,SO,CHURCHILL,5960,Insurance,synthetic
CARD PAYMENT CURRY'S ,242.44,GBP,debit,CARD,CURRY'S,5691,Shopping,synthetic
CARD PAYMENT ASDA PETROL 64984 18JUL,20.40,GBP,debit,CARD,ASDA PETROL,5541,Fuel,synthetic
PAYPAL GREENPEACE REF 38857058.,93.46,GBP,debit,PAYPAL,GREENPEACE,8398,Charity,synthetic
BACS LV  77763,108.38,GBP,debit,BACS,LV,5960,Insurance,sandbox
TFR TO SAVINGS,1324.82,GBP,credit,TFR,,,Transfers,synthetic
MASTERCARD PREMIER INN 42588,612.63,GBP,debit,CARD,PREMIER INN,4722,Travel,synthetic
CARD EXPEDIA GATWICK,40.75,GBP,debit,CARD,EXPEDIA,4722,Travel,synthetic
TRANSFER TO ISA 08JAN REF 97302759,479.78,GBP,credit,TFR,,,Transfers,synthetic
DIRECT DEBIT OCTOPUS ENERGY,249.11,GBP,debit,DD,OCTOPUS ENERGY,4900,Utilities,synthetic
CARD DOMINO'S EDINBURGH 20250226,35.70,GBP,debit,CARD,DOMINO'S,5814,Dining,synthetic
LATE PAYMENT FEE,39.08,GBP,debit,SO,,6012,Fees,synthetic
DD UNIVERSITY REF 37057075 //,215.94,GBP,debit,DD,UNIVERSITY,8220,Education,synthetic
CASH WITHDRAWAL ATM 3700 20260710 //,56.99,GBP,debit,ATM,ATM,6010,Cash Withdrawal,synthetic
BACS NHS 30825,69.65,GBP,debit,BACS,NHS,8049,Healthcare,synthetic
BACS BT GROUP REF 17167272,178.61,GBP,debit,BACS,BT GROUP,4812,Utilities,synthetic
DD BOOTS PHARMACY 62344 01/03/2026,61.07,GBP,debit,DD,BOOTS PHARMACY,8011,Healthcare,synthetic
BACS HAIRDRESSERS 88082,71.05,GBP,debit,BACS,HAIRDRESSERS,7299,Other,synthetic
FPS ACME LIMITED SALARY,4178.11,GBP,credit,FPS,ACME LIMITED,,Salary,synthetic
MASTERCARD ZIZZI 33219 19JUL *,16.97,GBP,debit,CARD,ZIZZI,5812,Dining,synthetic
CARD POST OFFICE 68616 14/11/2025,69.88,GBP,debit,CARD,POST OFFICE,5999,Other,synthetic
GOOGLE PAY ASDA LEEDS 87180,48.27,GBP,debit,GOOGLE_PAY,ASDA,5300,Groceries,synthetic
PAYPAL AGE UK,24.22,GBP,debit,PAYPAL,AGE UK,8398,Charity,synthetic
CARD JET 59989,92.48,GBP,debit,CARD,JET,5172,Fuel,synthetic
CARD PAYMENT GULF,33.87,GBP,debit,CARD,GULF,5541,Fuel,synthetic
FPS DVLA VEHICLE TAX,294.87,GBP,debit,FPS,HM REVENUE & CUSTOMS,9399,Taxes,synthetic
CARD FIVE GUYS MANCHESTER 24NOV,21.88,GBP,debit,CARD,FIVE GUYS,5814,Dining,synthetic
STANDING ORDER CHURCHILL  25689,182.31,GBP,debit,SO,CHURCHILL,6300,Insurance,sandbox
BACS INCOME TAX PAYMENT,294.09,GBP,debit,BACS,COUNCIL TAX,9211,Taxes,synthetic
PAYPAL SCHOOL FEES NEWCASTLE,43.45,GBP,debit,PAYPAL,SCHOOL FEES,8220,Education,synthetic
CARD NHS LONDON 54216,25.65,GBP,debit,CARD,NHS,8049,Healthcare,synthetic
MASTERCARD WAGAMAMA LONDON 28073 *,47.17,GBP,debit,CARD,WAGAMAMA,5812,Dining,synthetic
CARD MCDONALD'S REF 21307671,72.27,GBP,debit,CARD,MCDONALD'S,5812,Dining,synthetic
POS MCDONALDS 17940 25/10/2023,45.06,GBP,debit,POS,MCDONALDS,5812,Dining,synthetic
CARD PAYMENT NURSERY FEES  06AUG,409.71,GBP,debit,CARD,NURSERY FEES,8299,Education,synthetic
LINK ATM CASH MACHINE  28/06/2026,498.04,GBP,debit,ATM,CASH MACHINE,6010,Cash Withdrawal,synthetic
BACS JANE DOE 12-34-56 87654321 RENT AUGUST,1809.18,GBP,debit,BACS,NATIONWIDE MORTGAGE,9399,Rent/Mortgage,synthetic
POS WAITROSE REF 98725654,90.24,GBP,debit,POS,WAITROSE,5411,Groceries,synthetic
SO VITALITY 74316 22FEB,191.33,GBP,debit,SO,VITALITY,5960,Insurance,synthetic
DIRECT DEBIT EON,113.12,GBP,debit,DD,EON,4812,Utilities,synthetic
PAYPAL UBER 19623 21JAN.,3.59,GBP,debit,PAYPAL,UBER,4121,Transport,synthetic
ATM CASH MACHINE 18652 04JUL,366.17,GBP,debit,ATM,CASH MACHINE,6010,Cash Withdrawal,synthetic
FPS ACME LIMITED SALARY,2944.70,GBP,credit,FPS,ACME LIMITED,,Salary,synthetic
BACS SALARY ACME LTD,4549.79,GBP,credit,BACS,ACME LTD,,Salary,synthetic
CARD PAYMENT CITY LIT 72678,390.56,GBP,debit,CARD,CITY LIT,8220,Education,synthetic
CARD SANTANDER CYCLES REF 27789051,23.98,GBP,debit,CARD,SANTANDER CYCLES,4121,Transport,synthetic
CARD PAYMENT MURCO 33808,38.61,GBP,debit,CARD,MURCO,5172,Fuel,synthetic
LINK ATM ATM MANCHESTER,64.32,GBP,debit,ATM,ATM,6011,Cash Withdrawal,synthetic
MASTERCARD SHELL BIRMINGHAM,34.04,GBP,debit,CARD,SHELL,5541,Fuel,synthetic
LATE PAYMENT FEE,36.26,GBP,debit,SO,HSBC,6051,Fees,synthetic
VISA M&S REF 61003997 //,85.36,GBP,debit,CARD,M&S,5300,Groceries,synthetic
FPS GLOBEX CORP PAYROLL 20240411,1472.95,GBP,credit,FPS,GLOBEX CORP,,Salary,synthetic
FASTER PAYMENT TO SAVINGS,2770.95,GBP,credit,FPS,,,Transfers,synthetic
CARD PAYMENT JET MANCHESTER,101.27,GBP,debit,CARD,JET,5172,Fuel,synthetic
STANDING ORDER UNITED UTILITIES PAYMENT,221.62,GBP,debit,SO,UNITED UTILITIES,4899,Utilities,synthetic
SO HASTINGS,262.51,GBP,debit,SO,HASTINGS,6300,Insurance,synthetic
VISA AMAZON PRIME REF 95316737,9.11,GBP,debit,CARD,AMAZON PRIME,4899,Subscriptions,synthetic
CARD CAFE LOCAL LONDON 02 NOV,3.48,GBP,debit,CARD,CAFE LOCAL,5812,Coffee Shops,synthetic
BACS BLUEFIN SOLUTIONS SALARY 20230526,4324.27,GBP,credit,BACS,BLUEFIN SOLUTIONS,,Salary,synthetic
CARD PAYMENT ARRIVA  17 AUG,26.29,GBP,debit,CARD,ARRIVA,4131,Transport,synthetic
STANDING ORDER ADMIRAL REF 61761995,34.30,GBP,debit,SO,ADMIRAL,6300,Insurance,synthetic
POS M&S 26996,118.54,GBP,debit,POS,M&S,5411,Groceries,synthetic
MASTERCARD BP MANCHESTER 84662,33.23,GBP,debit,CARD,BP,5541,Fuel,synthetic
SO DIRECT LINE ,258.64,GBP,debit,SO,DIRECT LINE,5960,Insurance,sandbox
VISA H&M,74.46,GBP,debit,CARD,H&M,5310,Shopping,synthetic
CARD MORRISONS REF 38748452,18.33,GBP,debit,CARD,MORRISONS,5300,Groceries,synthetic
MONTHLY ACCOUNT FEE,23.93,GBP,debit,SO,,6012,Fees,synthetic
APPLE PAY NANDO'S,12.80,GBP,debit,APPLE_PAY,NANDO'S,5814,Dining,synthetic
VISA NEXT 54457,68.94,GBP,debit,CARD,NEXT,5311,Shopping,synthetic
CARD PAYMENT SPOTIFY PREMIUM  84408,32.71,GBP,debit,CARD,SPOTIFY PREMIUM,5734,Subscriptions,synthetic
CARD PAYMENT CITY LIT NEWCASTLE 17JAN,246.91,GBP,debit,CARD,CITY LIT,8299,Education,synthetic
DIRECT DEBIT DIRECT LINE REF 60422980,96.90,GBP,debit,DD,DIRECT LINE,6300,Insurance,synthetic
FOREIGN TRANSACTION FEE,5.20,GBP,debit,SO,NATIONWIDE,6012,Fees,synthetic
CARD JUSTGIVING  09OCT,21.81,GBP,debit,CARD,JUSTGIVING,8398,Charity,synthetic
BACS OPEN UNIVERSITY 30298 04 JUN,199.24,GBP,debit,BACS,OPEN UNIVERSITY,8220,Education,synthetic
PAYPAL AIRBNB GATWICK 94464,97.58,GBP,debit,PAYPAL,AIRBNB,4511,Travel,synthetic
STRIPE EBAY 21812 26/04/2026,150.92,GBP,debit,STRIPE,EBAY,5399,Shopping,synthetic
VISA NETFLIX.COM 44324.,21.29,GBP,debit,CARD,NETFLIX.COM,5734,Subscriptions,synthetic
PACKAGED ACCOUNT FEE,48.23,GBP,debit,DD,HALIFAX,6051,Fees,synthetic
CARD PAYMENT SUPERDRUG 90681 08/06/2025,38.71,GBP,debit,CARD,SUPERDRUG,8021,Healthcare,synthetic
DD OPTICIANS 18950,134.40,GBP,debit,DD,OPTICIANS,8011,Healthcare,synthetic
BACS HMRC PAYMENT,381.34,GBP,debit,BACS,HMRC,9211,Taxes,synthetic
CARD PAYMENT TESCO EXPRESS BRISTOL,65.42,GBP,debit,CARD,TESCO EXPRESS,5300,Groceries,synthetic
CARD COSTA COFFEE REF 82978342,7.39,GBP,debit,CARD,COSTA COFFEE,5812,Coffee Shops,synthetic
BACS HMRC PAYMENT,127.31,GBP,debit,BACS,,9399,Taxes,synthetic
CARD WWF 14099,22.59,GBP,debit,CARD,WWF,8398,Charity,sandbox
DD HM REVENUE & CUSTOMS,150.87,GBP,debit,DD,,9399,Taxes,synthetic
CARD PAYMENT BUPA LONDON 04/01/2025,20.98,GBP,debit,CARD,BUPA,8021,Healthcare,synthetic
VISA CINEWORLD REF 33988490.,39.32,GBP,debit,CARD,CINEWORLD,7999,Entertainment,synthetic
APPLE PAY BURGER KING EDINBURGH 16JUL,48.07,GBP,debit,APPLE_PAY,BURGER KING,5814,Dining,synthetic
DIRECT DEBIT ADMIRAL  18JUL,59.51,GBP,debit,DD,ADMIRAL,6300,Insurance,synthetic
VISA TESCO BIRMINGHAM 25/03/2026,40.56,GBP,debit,CARD,TESCO,5499,Groceries,synthetic
DD KINGS COLLEGE LONDON 30708 05 OCT,328.42,GBP,debit,DD,KINGS COLLEGE LONDON,8299,Education,synthetic
MASTERCARD MORRISONS PETROL  04/08/2024,37.63,GBP,debit,CARD,MORRISONS PETROL,5541,Fuel,synthetic
BACS CANCER RESEARCH UK 82523 01JUL,47.26,GBP,debit,BACS,CANCER RESEARCH UK,8398,Charity,synthetic
ATM ATM,60.65,GBP,debit,ATM,ATM,6010,Cash Withdrawal,synthetic
CARD PAYMENT DENTIST MANCHESTER,17.65,GBP,debit,CARD,DENTIST,5912,Healthcare,synthetic
VISA SAINSBURY'S LEEDS,19.40,GBP,debit,CARD,SAINSBURY'S,5499,Groceries,synthetic
CARD BOLT LEEDS 24 OCT *,36.43,GBP,debit,CARD,BOLT,4131,Transport,synthetic
STANDING ORDER ADMIRAL ,258.99,GBP,debit,SO,ADMIRAL,5960,Insurance,synthetic
POS SUPERDRUG LONDON 11528,23.62,GBP,debit,POS,SUPERDRUG,5912,Healthcare,synthetic
STANDING ORDER EON REF 22549007,206.52,GBP,debit,SO,EON,4900,Utilities,synthetic
CARD PAYMENT GOOGLE STORAGE 76629,9.67,GBP,debit,CARD,GOOGLE STORAGE,5968,Subscriptions,synthetic
BACS NURSERY FEES,137.75,GBP,debit,BACS,NURSERY FEES,8220,Education,synthetic
POS HAIRDRESSERS LONDON 05 JUL,30.82,GBP,debit,POS,HAIRDRESSERS,7299,Other,synthetic
CARD PAYMENT CITY LIT,137.45,GBP,debit,CARD,CITY LIT,8220,Education,synthetic
BACS BLUEFIN SOLUTIONS PAYROLL 20260619,4403.03,GBP,credit,BACS,BLUEFIN SOLUTIONS,,Salary,synthetic
PAYPAL WWF 53320,32.17,GBP,debit,PAYPAL,WWF,8398,Charity,synthetic
PAYPAL SAVE THE CHILDREN,82.54,GBP,debit,PAYPAL,SAVE THE CHILDREN,8398,Charity,synthetic
BANK TRANSFER BETWEEN ACCOUNTS REF 80509101,4309.89,GBP,credit,TFR,,,Transfers,synthetic
CARD PAYMENT PIZZA HUT MANCHESTER,80.44,GBP,debit,CARD,PIZZA HUT,5814,Dining,sandbox
FASTER PAYMENT FROM CURRENT ACCOUNT 16/02/2026 REF 23417244,34.02,GBP,credit,FPS,,,Transfers,synthetic
DD COURSERA 26333,466.37,GBP,debit,DD,COURSERA,8299,Education,synthetic
LINK ATM ATM 77681 *,77.86,GBP,debit,ATM,ATM,6011,Cash Withdrawal,synthetic
TFR TO SAVINGS ACCOUNT REF 61302183,3048.06,GBP,credit,TFR,,,Transfers,synthetic
DD HM REVENUE & CUSTOMS,218.58,GBP,debit,DD,HM REVENUE & CUSTOMS,9399,Taxes,synthetic
CARD PAYMENT PREMIER INN REF 99055153,358.05,GBP,debit,CARD,PREMIER INN,4722,Travel,synthetic
POS AMAZON 74555,259.52,GBP,debit,POS,AMAZON,5399,Shopping,synthetic
LINK ATM ATM LONDON 89969,325.22,GBP,debit,ATM,ATM,6010,Cash Withdrawal,synthetic
CASH WITHDRAWAL LINK ATM REF 19819040,235.68,GBP,debit,ATM,LINK ATM,6010,Cash Withdrawal,synthetic
POS GULF 58522,58.15,GBP,debit,POS,GULF,5542,Fuel,synthetic
OVERDRAFT FEE,8.61,GBP,debit,DD,BARCLAYS,6051,Fees,synthetic
ATM LINK ATM REF 50845403,298.40,GBP,debit,ATM,LINK ATM,6011,Cash Withdrawal,synthetic
CARD LASTMINUTE.COM HEATHROW,816.72,GBP,debit,CARD,LASTMINUTE.COM,4411,Travel,synthetic
DD WWF 8022,29.28,GBP,debit,DD,WWF,8398,Charity,synthetic
BACS JOHN SMITH 20-45-67 12345678 RENT SEPTEMBER,1874.22,GBP,debit,BACS,L&Q,9399,Rent/Mortgage,synthetic
POS PASSPORT OFFICE REF 51386263 //,156.99,GBP,debit,POS,PASSPORT OFFICE,5999,Other,synthetic
FASTER PAYMENT FROM CURRENT ACCOUNT 22/08/2023,2030.53,GBP,credit,FPS,,,Transfers,synthetic
POS NANDO'S MANCHESTER 25MAY,33.29,GBP,debit,POS,NANDO'S,5814,Dining,synthetic
PAYPAL TUI LONDON 22JUN,818.76,GBP,debit,PAYPAL,TUI,4511,Travel,synthetic
DD SELF ASSESSMENT TAX,349.60,GBP,debit,DD,,9399,Taxes,synthetic
BACS MONTHLY SALARY NORTHWIND SERVICES,2537.67,GBP,credit,BACS,NORTHWIND SERVICES,,Salary,synthetic
LATE PAYMENT FEE,18.59,GBP,debit,SO,,6051,Fees,synthetic
VISA FIVE GUYS MANCHESTER 10184,49.07,GBP,debit,CARD,FIVE GUYS,5812,Dining,synthetic
POS ROYAL MAIL REF 44662351,175.76,GBP,debit,POS,ROYAL MAIL,7299,Other,sandbox
CARD PLAYSTATION NETWORK  91023,26.37,GBP,debit,CARD,PLAYSTATION NETWORK,7922,Entertainment,synthetic
LINK ATM LINK ATM  40713,24.66,GBP,debit,ATM,LINK ATM,6011,Cash Withdrawal,synthetic
APPLE PAY MARKS & SPENCER 49044 20230408,85.82,GBP,debit,APPLE_PAY,MARKS & SPENCER,5411,Groceries,synthetic
DD SSE,233.76,GBP,debit,DD,SSE,4814,Utilities,synthetic
CARD PAYMENT BHF //,66.04,GBP,debit,CARD,BHF,8398,Charity,synthetic
CARD PAYMENT ARRIVA 72547,26.97,GBP,debit,CARD,ARRIVA,4121,Transport,synthetic
VISA DROPBOX //,28.57,GBP,debit,CARD,DROPBOX,4899,Subscriptions,synthetic
VISA TUI //,483.35,GBP,debit,CARD,TUI,4411,Travel,synthetic
APPLE PAY LIME,21.83,GBP,debit,APPLE_PAY,LIME,4111,Transport,synthetic
CARD PAYMENT NHS PRESCRIPTION LONDON,78.44,GBP,debit,CARD,NHS PRESCRIPTION,8021,Healthcare,synthetic
CARD PAYMENT SKY STORE MANCHESTER,18.78,GBP,debit,CARD,SKY STORE,7832,Entertainment,sandbox
BACS DRY CLEANERS 57193,28.94,GBP,debit,BACS,DRY CLEANERS,7299,Other,synthetic
